timestamp,temperature_C,dewpoint_C,pressure_hPa,wind_speed_kmh,wind_direction_deg,relative_humidity_pct
2020-07-01 00:00:00,21.984497,18.806976,895.5221,9.800095,224.89351,82.18988
2020-07-01 01:00:00,22.212189,18.856934,896.01544,9.816086,223.58206,81.31078
2020-07-01 02:00:00,23.582214,19.235565,896.4434,10.241723,222.66734,76.6239
2020-07-01 03:00:00,23.870758,19.225311,896.7252,10.80364,223.2178,75.256516
2020-07-01 04:00:00,24.183105,19.231232,896.7683,11.283973,225.04413,73.885185
2020-07-01 05:00:00,25.687408,19.258942,896.63666,11.698403,227.3455,67.66061
2020-07-01 06:00:00,26.275269,19.169708,896.28406,11.996691,229.74536,64.98471
2020-07-01 07:00:00,26.400421,19.13095,895.7584,12.165438,232.35075,64.350784
2020-07-01 08:00:00,27.120575,18.963776,895.18835,12.209695,234.79951,61.040966
2020-07-01 09:00:00,27.22171,19.02124,894.6239,12.060601,237.03275,60.897793
2020-07-01 10:00:00,26.783539,18.791382,893.9841,11.001849,243.62872,61.595333
2020-07-01 11:00:00,26.678925,18.67395,893.7723,10.563391,242.56207,61.522495
2020-07-01 12:00:00,26.546082,18.776672,893.9194,10.055785,239.56985,62.405293
2020-07-01 13:00:00,26.234283,18.730133,894.26276,9.499789,234.68253,63.379486
2020-07-01 14:00:00,25.217896,18.971954,894.76263,9.34883,229.66441,68.341385
2020-07-01 15:00:00,24.394836,19.09021,895.22736,9.494833,225.93358,72.315216
2020-07-01 16:00:00,24.212494,19.106415,895.5692,9.75392,223.73703,73.18373
2020-07-01 17:00:00,23.560364,19.130157,895.61945,10.103467,223.0411,76.22271
2020-07-01 18:00:00,23.3443,19.11618,895.3816,10.532108,223.48479,77.15531
2020-07-01 19:00:00,23.16742,19.134338,895.00696,10.900447,224.80452,78.07242
2020-07-01 20:00:00,22.566284,19.052704,894.6487,11.170601,226.12279,80.55708
2020-07-01 21:00:00,22.439575,19.039764,894.38873,11.301508,227.61044,81.114075
2020-07-01 22:00:00,22.031189,18.822449,894.2315,10.961205,230.65848,82.03546
2020-07-01 23:00:00,21.944489,18.846283,894.2007,11.186423,230.4181,82.59325
2020-07-02 00:00:00,22.19101,18.853973,894.36096,11.321549,230.00108,81.40064
2020-07-02 01:00:00,22.302734,18.854462,894.72345,11.490478,229.46533,80.851425
2020-07-02 02:00:00,23.610168,19.282745,895.11615,12.052137,229.96371,76.72
2020-07-02 03:00:00,23.969025,19.328033,895.4119,12.756965,231.71873,75.293274
2020-07-02 04:00:00,24.250153,19.3432,895.56024,13.2069235,233.88481,74.1034
2020-07-02 05:00:00,25.639954,19.35202,895.5083,13.396156,235.93393,68.24555
2020-07-02 06:00:00,26.251923,19.337524,895.2449,13.521668,237.63846,65.757904
2020-07-02 07:00:00,26.40625,19.354889,894.801,13.591136,239.26991,65.23193
2020-07-02 08:00:00,27.157562,19.376099,894.2403,13.582928,240.48666,62.49358
2020-07-02 09:00:00,27.14679,19.290497,893.75555,13.493315,241.55005,62.200867
2020-07-02 10:00:00,26.505798,19.05542,892.99976,12.5988455,244.89058,63.65165
2020-07-02 11:00:00,26.374939,18.982391,892.88403,12.187086,244.61678,63.85334
2020-07-02 12:00:00,26.300232,18.851044,893.0888,11.516721,242.29813,63.611855
2020-07-02 13:00:00,26.116272,19.051514,893.4687,10.969518,237.70514,65.11667
2020-07-02 14:00:00,25.109528,19.25061,893.9786,10.822125,232.80356,69.988976
2020-07-02 15:00:00,24.364471,19.07306,894.552,10.921149,229.40999,72.36947
2020-07-02 16:00:00,24.243439,19.133484,895.0245,11.165989,227.26866,73.17141
2020-07-02 17:00:00,23.641052,19.170746,895.2615,11.51102,226.53384,76.04513
2020-07-02 18:00:00,23.409637,19.14383,895.2289,11.920605,226.97527,76.98425
2020-07-02 19:00:00,23.186554,19.18274,894.9165,12.293359,228.08408,78.21772
2020-07-02 20:00:00,22.6781,19.118011,894.4966,12.531789,229.4799,80.33866
2020-07-02 21:00:00,22.513855,19.047272,894.1383,12.671429,231.0724,80.78662
2020-07-02 22:00:00,22.285767,19.10315,894.06244,11.884253,232.14569,82.20059
2020-07-02 23:00:00,22.203888,19.070465,894.15796,11.983495,232.58028,82.44311
2020-07-03 00:00:00,22.427917,19.110596,894.3759,11.90234,232.39014,81.53085
2020-07-03 01:00:00,22.583893,19.1391,894.7532,11.817169,231.057,80.9056
2020-07-03 02:00:00,23.606873,19.29486,895.18304,12.15926,230.81888,76.79313
2020-07-03 03:00:00,23.87326,19.280853,895.49725,12.699919,231.48468,75.505875
2020-07-03 04:00:00,24.170074,19.330475,895.6718,13.047671,232.27344,74.40121
2020-07-03 05:00:00,25.530762,19.301025,895.6825,13.352516,232.6789,68.47174
2020-07-03 06:00:00,26.089417,19.242615,895.43463,13.621165,233.54816,66.00147
2020-07-03 07:00:00,26.3013,19.248352,895.0064,13.769857,234.61546,65.203514
2020-07-03 08:00:00,26.909363,19.14325,894.4652,13.785741,235.6546,62.498505
2020-07-03 09:00:00,26.99237,19.12561,893.97485,13.684912,236.33058,62.126045
2020-07-03 10:00:00,26.387909,18.960846,893.42053,12.349018,238.36945,63.71879
2020-07-03 11:00:00,26.314758,18.932617,893.25867,12.096992,236.59253,63.881855
2020-07-03 12:00:00,26.143555,18.855408,893.3347,11.76425,233.3018,64.22095
2020-07-03 13:00:00,25.984283,18.81137,893.70624,11.514944,229.25006,64.650764
2020-07-03 14:00:00,25.03543,19.093689,894.24945,11.474367,225.16785,69.61476
2020-07-03 15:00:00,24.180206,19.031464,894.82263,11.559123,222.53679,72.98373
2020-07-03 16:00:00,24.025513,19.087006,895.3349,11.842428,221.44257,73.92012
2020-07-03 17:00:00,23.398407,19.104858,895.58826,12.161545,221.31403,76.84955
2020-07-03 18:00:00,23.222168,19.100616,895.4726,12.426422,222.19975,77.651146
2020-07-03 19:00:00,23.058136,19.114288,895.0217,12.607846,223.46638,78.491936
2020-07-03 20:00:00,22.558044,19.11026,894.5251,12.717206,225.04514,80.88713
2020-07-03 21:00:00,22.433502,19.085968,894.1321,12.710711,226.40555,81.37816
2020-07-03 22:00:00,22.114685,18.994873,893.9152,11.967269,228.7041,82.50236
2020-07-03 23:00:00,22.092804,19.015442,893.91455,11.872808,228.63158,82.718506
2020-07-04 00:00:00,22.267578,19.053009,894.17413,11.707895,227.69852,82.03475
2020-07-04 01:00:00,22.362152,19.036469,894.5427,11.6169195,225.97534,81.48006
2020-07-04 02:00:00,23.364777,19.279755,894.85693,11.934621,224.52025,77.84919
2020-07-04 03:00:00,23.65158,19.308228,895.0569,12.331801,224.4772,76.65035
2020-07-04 04:00:00,23.964844,19.396332,895.12146,12.633456,224.71227,75.63286
2020-07-04 05:00:00,25.124115,19.442749,895.08295,13.001977,225.03816,70.76917
2020-07-04 06:00:00,25.633392,19.4581,894.8791,13.3313465,225.55482,68.724045
2020-07-04 07:00:00,25.772247,19.43985,894.43744,13.585177,226.27705,68.083084
2020-07-04 08:00:00,26.414795,19.354523,893.8793,13.712182,226.79256,65.197586
2020-07-04 09:00:00,26.538483,19.309235,893.2445,13.743841,227.3745,64.54163
2020-07-04 10:00:00,26.0484,19.232513,892.6364,12.714413,229.46767,66.12017
2020-07-04 11:00:00,26.028534,19.137604,892.3552,12.534801,228.06168,65.80771
2020-07-04 12:00:00,25.8096,19.072266,892.39734,12.234421,226.10092,66.39545
2020-07-04 13:00:00,25.5383,19.05008,892.748,11.972945,223.14395,67.37941
2020-07-04 14:00:00,24.66867,19.293549,893.3468,11.900589,219.7486,72.04691
2020-07-04 15:00:00,23.826141,19.163269,893.9333,12.073611,217.1798,75.16767
2020-07-04 16:00:00,23.654327,19.199982,894.45197,12.401164,215.77112,76.12289
2020-07-04 17:00:00,23.090363,19.122925,894.702,12.741851,215.41367,78.38126
2020-07-04 18:00:00,22.900482,19.169464,894.6248,13.075774,216.08626,79.51751
2020-07-04 19:00:00,22.751007,19.189148,894.2777,13.364728,217.5371,80.33954
2020-07-04 20:00:00,22.274902,19.118835,893.8201,13.556908,219.03848,82.3354
2020-07-04 21:00:00,22.092865,19.04889,893.4606,13.59293,220.58147,82.89093
2020-07-04 22:00:00,21.891388,19.03955,893.2165,12.404891,225.76234,83.86681
2020-07-04 23:00:00,21.850952,19.049805,893.1756,12.318971,225.02374,84.12783
2020-07-05 00:00:00,22.04126,19.07013,893.3547,12.216212,223.70833,83.262245
2020-07-05 01:00:00,22.134552,19.049377,893.69366,12.333653,221.91501,82.6832
2020-07-05 02:00:00,23.017883,19.253418,894.0701,12.718678,220.7174,79.36827
2020-07-05 03:00:00,23.314514,19.253357,894.3719,13.2741,221.12885,77.95756
2020-07-05 04:00:00,23.61499,19.292694,894.5365,13.706358,222.14197,76.745224
2020-07-05 05:00:00,24.711823,19.31894,894.5249,14.016968,223.34792,71.975006
2020-07-05 06:00:00,25.156952,19.395752,894.24963,14.266856,224.53963,70.42479
2020-07-05 07:00:00,25.294525,19.383057,893.80884,14.424,225.81044,69.79532
2020-07-05 08:00:00,25.88919,19.281128,893.1782,14.422247,226.7017,66.94861
2020-07-05 09:00:00,25.995422,19.331787,892.5539,14.364155,227.66084,66.73893
2020-07-05 10:00:00,25.65918,19.330414,891.93976,13.561118,231.796,68.07617
2020-07-05 11:00:00,25.574646,19.239807,891.7675,13.33329,231.14333,68.03376
2020-07-05 12:00:00,25.416565,19.16626,891.834,12.978643,230.10756,68.361755
2020-07-05 13:00:00,25.204071,19.245514,892.16046,12.461794,227.89261,69.573944
2020-07-05 14:00:00,24.448029,19.327942,892.6385,12.229447,225.70815,73.16055
2020-07-05 15:00:00,23.670807,19.266724,893.079,12.186869,223.88637,76.364105
2020-07-05 16:00:00,23.481445,19.279144,893.50037,12.316348,222.67049,77.300224
2020-07-05 17:00:00,22.906128,19.28122,893.7414,12.497226,222.02953,80.045456
2020-07-05 18:00:00,22.738403,19.32077,893.70276,12.712227,222.22533,81.062546
2020-07-05 19:00:00,22.58548,19.320374,893.4386,12.911954,223.05263,81.81622
2020-07-05 20:00:00,22.101685,19.229095,893.0259,12.994613,224.30846,83.782
2020-07-05 21:00:00,21.996674,19.205017,892.66986,12.965264,225.59999,84.19369
2020-07-05 22:00:00,21.852661,19.144196,892.6033,12.099468,229.58296,84.61548
2020-07-05 23:00:00,21.78424,19.109833,892.55023,12.002414,229.11205,84.787964
2020-07-06 00:00:00,21.992432,19.159546,892.77374,11.925634,228.36131,83.97723
2020-07-06 01:00:00,22.057251,19.108337,893.20013,12.062189,227.49106,83.37952
2020-07-06 02:00:00,23.033722,19.329224,893.6933,12.546307,226.94067,79.66727
2020-07-06 03:00:00,23.330414,19.32196,894.0886,13.033108,227.30428,78.216064
2020-07-06 04:00:00,23.602264,19.316467,894.34314,13.360701,228.22958,76.91782
2020-07-06 05:00:00,24.83899,19.416351,894.41315,13.533882,228.78285,71.86461
2020-07-06 06:00:00,25.354889,19.38272,894.2779,13.661039,229.46167,69.54372
2020-07-06 07:00:00,25.569061,19.397919,893.9208,13.700364,229.91284,68.729294
2020-07-06 08:00:00,26.070923,19.286438,893.44525,13.696613,230.45969,66.25422
2020-07-06 09:00:00,26.179352,19.2128,893.01117,13.537379,231.08043,65.52967
2020-07-06 10:00:00,25.643188,19.232574,892.60187,12.331563,237.24011,67.72704
2020-07-06 11:00:00,25.631134,19.178772,892.4186,11.878409,235.93599,67.54878
2020-07-06 12:00:00,25.444305,19.171234,892.5776,11.210112,233.62976,68.2703
2020-07-06 13:00:00,25.19983,19.258087,893.00854,10.6593485,230.1487,69.646
2020-07-06 14:00:00,24.350372,19.270111,893.65564,10.44397,226.4413,73.32529
2020-07-06 15:00:00,23.734985,19.270996,894.29193,10.45878,223.1599,76.08985
2020-07-06 16:00:00,23.575195,19.299194,894.81915,10.602685,221.00441,76.9606
2020-07-06 17:00:00,23.037506,19.270233,895.1434,10.827911,220.05716,79.35711
2020-07-06 18:00:00,22.879211,19.26477,895.1649,11.036305,219.78543,80.09402
2020-07-06 19:00:00,22.744629,19.253632,894.9856,11.160242,220.30676,80.69401
2020-07-06 20:00:00,22.279114,19.19632,894.6893,11.183742,220.99246,82.71266
2020-07-06 21:00:00,22.1568,19.185455,894.4712,11.137786,221.85124,83.2745
2020-07-06 22:00:00,22.021088,19.152832,894.56506,10.304909,227.27217,83.79558
2020-07-06 23:00:00,21.969055,19.15448,894.65155,10.206778,227.01898,84.07051
2020-07-07 00:00:00,22.215332,19.20105,894.93384,10.043034,226.52574,83.05888
2020-07-07 01:00:00,22.314209,19.217468,895.4144,10.007229,225.72769,82.64504
2020-07-07 02:00:00,23.360168,19.49292,895.8353,10.252628,224.73755,78.91022
2020-07-07 03:00:00,23.75064,19.545319,896.2135,10.797168,224.93272,77.3262
2020-07-07 04:00:00,24.038055,19.538849,896.37915,11.12957,225.59381,75.971054
2020-07-07 05:00:00,25.399536,19.67566,896.4546,11.224819,226.4192,70.63334
2020-07-07 06:00:00,25.914825,19.669006,896.37897,11.19964,227.25945,68.47829
2020-07-07 07:00:00,26.074219,19.744507,896.2048,11.097935,227.99014,68.153885
2020-07-07 08:00:00,26.597992,19.756317,895.8102,10.930432,228.62,66.12727
2020-07-07 09:00:00,26.614258,19.738892,895.3127,10.655738,229.1252,65.99256
2020-07-07 10:00:00,26.064575,19.746796,894.9671,9.750183,239.15622,68.20244
2020-07-07 11:00:00,25.955994,19.739471,894.7903,9.087769,237.80197,68.610886
2020-07-07 12:00:00,25.795654,19.716461,894.99695,8.329514,235.29318,69.166824
2020-07-07 13:00:00,25.586548,19.712646,895.47516,7.796242,230.8558,70.01353
2020-07-07 14:00:00,24.751251,19.923584,896.10834,7.566308,225.46223,74.55263
2020-07-07 15:00:00,24.00064,19.78888,896.7313,7.621418,220.39777,77.332855
2020-07-07 16:00:00,23.896698,19.832672,897.2335,7.8681307,216.69641,78.028946
2020-07-07 17:00:00,23.319244,19.776703,897.5337,8.125594,214.44168,80.51143
2020-07-07 18:00:00,23.129059,19.73581,897.43604,8.390777,213.93747,81.23562
2020-07-07 19:00:00,23.056915,19.744598,897.15094,8.615195,214.46094,81.63532
2020-07-07 20:00:00,22.542328,19.664429,896.76416,8.777037,215.0851,83.80383
2020-07-07 21:00:00,22.432617,19.59085,896.5234,8.820877,216.12732,83.97976
2020-07-07 22:00:00,22.241333,19.577393,896.3342,8.047148,221.1338,84.89159
2020-07-07 23:00:00,22.184174,19.577332,896.3221,8.016863,221.32584,85.18721
2020-07-08 00:00:00,22.455078,19.664978,896.5577,7.985966,220.0497,84.252075
2020-07-08 01:00:00,22.521973,19.658997,896.9813,8.165483,218.49669,83.879196
2020-07-08 02:00:00,23.476807,19.863953,897.37866,8.736401,217.64081,80.18214
2020-07-08 03:00:00,23.860474,19.917084,897.5941,9.52227,219.3733,78.60921
2020-07-08 04:00:00,24.083832,19.930817,897.70917,9.957268,221.6109,77.62734
2020-07-08 05:00:00,25.30246,20.085693,897.6312,10.111243,223.12268,72.870476
2020-07-08 06:00:00,25.840637,20.13388,897.40424,10.186338,224.14102,70.78967
2020-07-08 07:00:00,25.976318,20.177582,896.9598,10.212512,224.78278,70.41317
2020-07-08 08:00:00,26.650848,20.19168,896.4618,10.199529,225.27174,67.72305
2020-07-08 09:00:00,26.674133,20.167755,895.9352,10.129774,226.10577,67.530266
2020-07-08 10:00:00,26.064789,20.095612,895.3961,9.356535,235.95331,69.691345
2020-07-08 11:00:00,25.934784,20.045074,895.2761,8.989071,234.08795,70.01033
2020-07-08 12:00:00,25.704834,20.095337,895.3471,8.474893,230.29709,71.191925
2020-07-08 13:00:00,25.549896,20.145935,895.659,8.040549,225.34805,72.07475
2020-07-08 14:00:00,24.741364,20.246002,896.17694,8.004137,220.77423,76.09966
2020-07-08 15:00:00,24.013916,20.140442,896.747,8.155502,217.9168,78.97193
2020-07-08 16:00:00,23.88144,20.125183,897.24097,8.489891,216.57529,79.52806
2020-07-08 17:00:00,23.368103,20.09964,897.3399,8.834353,216.66187,81.896164
2020-07-08 18:00:00,23.200836,20.016907,897.07776,9.189038,217.75458,82.305214
2020-07-08 19:00:00,23.117584,19.996185,896.5938,9.49577,219.31409,82.6144
2020-07-08 20:00:00,22.733948,19.927124,896.1252,9.735641,220.92445,84.19526
2020-07-08 21:00:00,22.636475,19.873596,895.72174,9.784583,222.54861,84.41418
2020-07-08 22:00:00,22.284729,19.764038,895.4712,9.05159,228.16344,85.654205
2020-07-08 23:00:00,22.204681,19.74121,895.3159,9.099955,227.08792,85.950775
2020-07-09 00:00:00,22.433746,19.762695,895.41425,9.1184225,225.81952,84.87441
2020-07-09 01:00:00,22.559998,19.807007,895.7399,9.321425,224.39236,84.457664
2020-07-09 02:00:00,23.403564,19.974792,896.1464,9.862285,224.43015,81.09208
2020-07-09 03:00:00,23.715027,19.984955,896.40094,10.476659,226.52345,79.63414
2020-07-09 04:00:00,23.941162,20.010498,896.40686,10.874128,228.51349,78.68268
2020-07-09 05:00:00,25.084045,20.072784,896.2248,11.147483,230.02054,73.765274
2020-07-09 06:00:00,25.569397,20.15918,895.83344,11.318708,230.8104,72.05032
2020-07-09 07:00:00,25.728699,20.235413,895.36237,11.52033,231.23145,71.70965
2020-07-09 08:00:00,26.14383,20.161743,894.81494,11.685731,231.71577,69.65067
2020-07-09 09:00:00,26.210358,20.175262,894.27856,11.755225,231.94897,69.43537
2020-07-09 10:00:00,25.77649,19.962128,893.6408,10.909569,237.72992,70.307976
2020-07-09 11:00:00,25.649994,19.89975,893.43854,10.6849785,235.41168,70.56424
2020-07-09 12:00:00,25.48111,19.853485,893.4921,10.4417515,231.53745,71.07128
2020-07-09 13:00:00,25.330841,19.885498,893.784,10.159702,226.5805,71.85138
2020-07-09 14:00:00,24.533234,19.945862,894.2433,10.21836,221.63057,75.634964
2020-07-09 15:00:00,23.811096,19.830597,894.72705,10.559157,218.24973,78.42157
2020-07-09 16:00:00,23.693298,19.8349,895.11444,10.979092,216.38107,79.000565
2020-07-09 17:00:00,23.219818,19.750916,895.2209,11.404023,216.04715,80.86695
2020-07-09 18:00:00,23.075073,19.73941,895.0497,11.833344,216.81412,81.51946
2020-07-09 19:00:00,22.925018,19.704407,894.7283,12.169748,218.24588,82.08475
2020-07-09 20:00:00,22.4906,19.587982,894.37134,12.422073,219.64238,83.669464
2020-07-09 21:00:00,22.305023,19.52713,894.13354,12.528778,220.98079,84.29957
2020-07-09 22:00:00,22.140015,19.397278,894.06085,11.836639,225.07631,84.46606
2020-07-09 23:00:00,22.089874,19.38147,894.1136,11.795164,225.15962,84.64123
2020-07-10 00:00:00,22.352844,19.40738,894.3972,11.710814,224.85683,83.43131
2020-07-10 01:00:00,22.442963,19.389313,894.8313,11.806317,224.4441,82.882286
2020-07-10 02:00:00,23.201813,19.57901,895.2776,12.382246,224.99232,80.09578
2020-07-10 03:00:00,23.431915,19.560272,895.66486,13.12156,226.97546,78.89883
2020-07-10 04:00:00,23.656647,19.587097,895.88947,13.516469,228.92868,77.96709
2020-07-10 05:00:00,24.65326,19.56778,895.9366,13.744065,230.2534,73.35347
2020-07-10 06:00:00,25.112457,19.560364,895.72034,13.845109,231.55658,71.33786
2020-07-10 07:00:00,25.278412,19.584717,895.3627,13.948826,232.76515,70.74343
2020-07-10 08:00:00,25.863525,19.601501,894.7943,13.901917,233.69019,68.399414
2020-07-10 09:00:00,25.952667,19.615967,894.2304,13.74375,234.52899,68.10044
2020-07-10 10:00:00,25.525757,19.529114,893.65234,12.574018,238.95905,69.470505
2020-07-10 11:00:00,25.45581,19.507935,893.4609,12.208957,237.39326,69.66802
2020-07-10 12:00:00,25.312561,19.468048,893.5496,11.699573,234.30443,70.0899
2020-07-10 13:00:00,25.109161,19.462128,893.8223,11.15792,229.37105,70.9176
2020-07-10 14:00:00,24.256775,19.579102,894.2942,11.0428705,224.82664,75.16824
2020-07-10 15:00:00,23.492432,19.432495,894.8657,11.178212,221.65022,77.989586
2020-07-10 16:00:00,23.302277,19.398285,895.34064,11.498905,220.00154,78.72195
2020-07-10 17:00:00,22.76416,19.355347,895.4771,11.820526,219.84291,81.110374
2020-07-10 18:00:00,22.592224,19.323273,895.2877,12.152984,220.88005,81.797455
2020-07-10 19:00:00,22.476257,19.297607,894.96466,12.470124,222.29709,82.24414
2020-07-10 20:00:00,21.988983,19.128906,894.5807,12.685075,223.80264,83.83469
2020-07-10 21:00:00,21.880096,19.068542,894.2634,12.74954,225.58435,84.076515
2020-07-10 22:00:00,21.616272,19.010284,893.957,12.310015,229.6074,85.132774
2020-07-10 23:00:00,21.55658,18.991394,894.0661,12.273433,229.92033,85.34357
2020-07-11 00:00:00,21.744568,19.021912,894.33093,12.192253,229.93939,84.529045
2020-07-11 01:00:00,21.74826,18.932404,894.7414,12.159691,229.66374,84.03932
2020-07-11 02:00:00,22.567352,19.03778,895.1809,12.524334,229.88583,80.47697
2020-07-11 03:00:00,22.909973,19.057251,895.49884,13.1218405,231.56184,78.9179
2020-07-11 04:00:00,23.236267,19.13977,895.6422,13.538261,233.4461,77.774605
2020-07-11 05:00:00,24.50711,19.225677,895.5248,13.830296,234.55087,72.439644
2020-07-11 06:00:00,25.027588,19.204926,895.24896,14.116348,235.62616,70.13172
2020-07-11 07:00:00,25.258575,19.275879,894.8747,14.293615,236.29437,69.47984
2020-07-11 08:00:00,25.936798,19.22757,894.43463,14.386047,237.01764,66.537865
2020-07-11 09:00:00,26.010773,19.249878,894.00806,14.297382,237.40129,66.33925
2020-07-11 10:00:00,25.577454,19.218292,893.5506,13.277517,240.0711,67.93135
2020-07-11 11:00:00,25.4935,19.23941,893.4252,13.064208,239.32172,68.360725
2020-07-11 12:00:00,25.37735,19.23523,893.6033,12.464928,237.04741,68.81632
2020-07-11 13:00:00,25.203705,19.25534,893.9255,11.763807,232.96767,69.61803
2020-07-11 14:00:00,24.30487,19.400787,894.42444,11.394326,229.0234,74.12577
2020-07-11 15:00:00,23.60254,19.391815,895.00305,11.328897,226.1508,77.27795
2020-07-11 16:00:00,23.465302,19.424835,895.427,11.423279,224.59958,78.080086
2020-07-11 17:00:00,22.922668,19.477966,895.6484,11.604638,224.0846,80.95
2020-07-11 18:00:00,22.718903,19.458496,895.50977,11.794743,224.56146,81.85671
2020-07-11 19:00:00,22.557617,19.403992,895.1967,11.953361,225.7213,82.38218
2020-07-11 20:00:00,22.063202,19.26538,894.7452,12.029654,227.0193,84.16869
2020-07-11 21:00:00,21.962036,19.224304,894.4815,12.007381,228.22672,84.47313
2020-07-11 22:00:00,21.719543,19.077759,894.28925,11.003257,232.19534,84.95374
2020-07-11 23:00:00,21.675293,19.09018,894.37146,10.836563,231.66917,85.24979
2020-07-12 00:00:00,21.833527,19.130615,894.59784,10.719116,230.6811,84.642746
2020-07-12 01:00:00,21.944763,19.14627,894.9789,10.708122,229.3834,84.15211
2020-07-12 02:00:00,22.887604,19.419037,895.373,11.122158,228.60579,80.825424
2020-07-12 03:00:00,23.109009,19.408173,895.71924,11.896515,229.4674,79.69571
2020-07-12 04:00:00,23.328949,19.475403,895.9035,12.369524,230.46828,78.97305
2020-07-12 05:00:00,24.584045,19.649445,895.8931,12.673877,231.39558,74.03214
2020-07-12 06:00:00,25.047272,19.644196,895.6462,12.84331,232.4559,71.989265
2020-07-12 07:00:00,25.23059,19.709412,895.2062,12.948161,233.48795,71.49632
2020-07-12 08:00:00,25.724121,19.65747,894.6962,12.936714,234.50565,69.20697
2020-07-12 09:00:00,25.79181,19.720856,894.24854,12.815589,235.47672,69.20147
2020-07-12 10:00:00,25.366516,19.747894,893.64685,11.767671,241.44684,71.09003
2020-07-12 11:00:00,25.282623,19.72586,893.4983,11.390098,240.8078,71.34807
2020-07-12 12:00:00,25.141754,19.6698,893.58453,10.77325,238.836,71.699036
2020-07-12 13:00:00,24.8833,19.653778,893.92694,10.079741,235.46797,72.73992
2020-07-12 14:00:00,24.098633,19.63388,894.4027,9.753182,231.31056,76.1433
2020-07-12 15:00:00,23.390472,19.621826,894.9872,9.763685,228.28065,79.3993
2020-07-12 16:00:00,23.224365,19.6185,895.4369,9.931128,226.61217,80.1831
2020-07-12 17:00:00,22.713104,19.551208,895.6004,10.199816,226.35405,82.35866
2020-07-12 18:00:00,22.570282,19.559814,895.437,10.538037,227.1879,83.12001
2020-07-12 19:00:00,22.38684,19.472626,895.08417,10.886067,228.5086,83.597466
2020-07-12 20:00:00,21.960785,19.316833,894.72076,11.108307,230.15031,84.967636
2020-07-12 21:00:00,21.855316,19.328156,894.4509,11.236642,231.82918,85.5765
2020-07-12 22:00:00,21.593506,19.182465,894.4168,10.234305,235.2999,86.171364
2020-07-12 23:00:00,21.587708,19.211609,894.38257,10.429821,235.10822,86.35859
2020-07-13 00:00:00,21.819641,19.26477,894.6605,10.542099,234.2779,85.425415
2020-07-13 01:00:00,21.875519,19.247498,895.06335,10.731607,233.62833,85.043
2020-07-13 02:00:00,22.841797,19.508606,895.48047,11.304609,234.33798,81.50257
2020-07-13 03:00:00,23.123474,19.507782,895.7243,11.808304,236.4599,80.12062
2020-07-13 04:00:00,23.426758,19.580292,895.8298,11.920533,238.26483,79.02155
2020-07-13 05:00:00,24.685547,19.681671,895.73975,11.928137,239.13725,73.73158
2020-07-13 06:00:00,25.238922,19.660004,895.4768,11.9464655,239.88057,71.242096
2020-07-13 07:00:00,25.426117,19.699158,895.04156,11.932106,240.2622,70.624756
2020-07-13 08:00:00,25.970276,19.577057,894.50604,11.888348,240.45627,67.86528
2020-07-13 09:00:00,26.064056,19.54123,894.03107,11.792689,240.45862,67.3397
2020-07-13 10:00:00,25.83377,19.47406,893.3176,11.060084,247.15582,67.97972
2020-07-13 11:00:00,25.735413,19.359222,893.23755,10.546844,244.38857,67.89063
2020-07-13 12:00:00,25.614166,19.350891,893.3488,9.891714,239.51231,68.3453
2020-07-13 13:00:00,25.450836,19.47995,893.75073,9.249396,232.82672,69.56753
2020-07-13 14:00:00,24.656952,19.673737,894.3345,9.037107,227.034,73.821365
2020-07-13 15:00:00,23.927094,19.621277,894.94135,9.116108,223.24622,76.871735
2020-07-13 16:00:00,23.703278,19.587006,895.358,9.320362,220.78731,77.74804
2020-07-13 17:00:00,23.111542,19.563782,895.57416,9.605691,219.8486,80.45794
2020-07-13 18:00:00,22.908447,19.558167,895.4545,9.863037,220.28285,81.4245
2020-07-13 19:00:00,22.783081,19.588165,895.16327,10.063504,221.55067,82.19837
2020-07-13 20:00:00,22.219818,19.4458,894.82544,10.208283,223.01111,84.31059
2020-07-13 21:00:00,22.059418,19.379944,894.6453,10.197386,224.45595,84.79045
2020-07-13 22:00:00,21.833557,19.247742,894.6217,9.281738,226.65546,85.26241
2020-07-13 23:00:00,21.77835,19.23468,894.75214,9.185798,226.2773,85.480804
2020-07-14 00:00:00,22.01825,19.32962,895.0518,9.075339,225.56198,84.73776
2020-07-14 01:00:00,22.089111,19.329529,895.488,8.998882,224.66002,84.37208
2020-07-14 02:00:00,23.15271,19.72815,896.00275,9.216975,225.14732,81.08099
2020-07-14 03:00:00,23.509064,19.718994,896.4094,9.543452,227.3324,79.310234
2020-07-14 04:00:00,23.806763,19.741302,896.5531,9.744696,229.32343,78.00886
2020-07-14 05:00:00,25.131042,19.888,896.438,9.829212,231.08913,72.72219
2020-07-14 06:00:00,25.623138,19.848877,896.1531,9.871381,232.78088,70.45434
2020-07-14 07:00:00,25.794281,19.895782,895.68146,9.960531,234.12524,69.945854
2020-07-14 08:00:00,26.398376,19.794952,895.14453,10.013379,235.26343,67.07065
2020-07-14 09:00:00,26.41565,19.731506,894.6308,9.996505,236.28467,66.739204
2020-07-14 10:00:00,25.975372,19.664642,894.05475,8.8733835,242.21643,68.214775
2020-07-14 11:00:00,25.927643,19.610199,893.9364,8.567403,240.52548,68.17699
2020-07-14 12:00:00,25.84314,19.605255,894.1063,8.165453,236.34012,68.498024
2020-07-14 13:00:00,25.6297,19.663605,894.475,7.7303066,230.14563,69.622215
2020-07-14 14:00:00,24.865662,19.743683,895.0079,7.6592774,223.18726,73.22391
2020-07-14 15:00:00,24.138489,19.690948,895.52466,7.835427,218.437,76.230934
2020-07-14 16:00:00,23.935547,19.693787,895.8365,8.171418,215.47672,77.17927
2020-07-14 17:00:00,23.32724,19.743134,895.91,8.549884,214.49083,80.3052
2020-07-14 18:00:00,23.098846,19.72461,895.7824,8.887796,215.39479,81.32766
2020-07-14 19:00:00,22.906494,19.691315,895.4941,9.153793,217.18494,82.110115
2020-07-14 20:00:00,22.3815,19.55075,895.1367,9.276986,218.75035,84.03159
2020-07-14 21:00:00,22.277985,19.596558,894.91345,9.280392,220.14336,84.80334
2020-07-14 22:00:00,21.978485,19.406097,894.6744,8.693029,223.14035,85.3486
2020-07-14 23:00:00,21.929718,19.412537,894.74603,8.812806,222.13222,85.63716
2020-07-15 00:00:00,22.142792,19.522827,895.03925,8.886691,220.73848,85.11351
2020-07-15 01:00:00,22.252686,19.542603,895.51025,9.022172,219.22256,84.64981
2020-07-15 02:00:00,23.260254,19.721252,895.9595,9.438502,218.40608,80.52133
2020-07-15 03:00:00,23.556305,19.725708,896.265,9.836712,219.04076,79.11765
2020-07-15 04:00:00,23.833069,19.768097,896.33374,10.171102,220.35847,78.01507
2020-07-15 05:00:00,25.027557,19.879303,896.187,10.435451,222.13577,73.13258
2020-07-15 06:00:00,25.561432,19.92038,895.89404,10.686318,223.9971,71.026855
2020-07-15 07:00:00,25.750854,19.927765,895.4523,10.871166,225.96812,70.26521
2020-07-15 08:00:00,26.301056,19.795471,894.98346,10.942345,227.7909,67.45923
2020-07-15 09:00:00,26.374573,19.839996,894.46234,10.919823,229.76974,67.35275
2020-07-15 10:00:00,25.83847,19.751465,893.7843,10.361088,237.62552,69.14156
2020-07-15 11:00:00,25.784515,19.708527,893.59283,9.868046,237.52951,69.17846
2020-07-15 12:00:00,25.68283,19.631958,893.6817,9.399812,235.13635,69.26689
2020-07-15 13:00:00,25.432953,19.633667,894.0856,9.153556,231.1598,70.30969
2020-07-15 14:00:00,24.623718,19.77417,894.6298,9.113367,226.75162,74.43049
2020-07-15 15:00:00,23.876068,19.628326,895.24536,9.257406,223.42001,77.14164
2020-07-15 16:00:00,23.742798,19.66449,895.7431,9.498032,221.2508,77.93733
2020-07-15 17:00:00,23.200745,19.74533,895.99005,9.758009,220.4838,80.93214
2020-07-15 18:00:00,22.984436,19.712494,895.85077,10.032799,221.27985,81.83102
2020-07-15 19:00:00,22.793427,19.662506,895.46875,10.270453,222.6981,82.5269
2020-07-15 20:00:00,22.341278,19.562714,894.9907,10.347833,224.35867,84.3
2020-07-15 21:00:00,22.270447,19.612915,894.562,10.30663,225.8149,84.92843
2020-07-15 22:00:00,21.96167,19.49289,894.0875,9.858897,232.36057,85.898415
2020-07-15 23:00:00,21.908112,19.523987,894.11633,9.70736,232.13004,86.346275
2020-07-16 00:00:00,22.115295,19.53244,894.4192,9.492281,231.19862,85.3071
2020-07-16 01:00:00,22.181915,19.484467,894.8671,9.380052,229.28308,84.70874
2020-07-16 02:00:00,23.14505,19.67984,895.24994,9.569102,226.95457,80.87576
2020-07-16 03:00:00,23.45459,19.672638,895.53674,9.875991,226.03342,79.34261
2020-07-16 04:00:00,23.715942,19.700317,895.6259,10.193443,226.0881,78.237175
2020-07-16 05:00:00,24.951324,19.843506,895.4777,10.457809,227.30283,73.30298
2020-07-16 06:00:00,25.40512,19.825775,895.136,10.679435,228.66513,71.27044
2020-07-16 07:00:00,25.563232,19.868805,894.6018,10.82979,230.24463,70.79266
2020-07-16 08:00:00,26.227448,19.74118,894.0586,10.878835,231.58794,67.52541
2020-07-16 09:00:00,26.29303,19.742249,893.52893,10.802788,232.7255,67.2688
2020-07-16 10:00:00,25.794891,19.839264,892.79517,9.959638,243.98224,69.69876
2020-07-16 11:00:00,25.677948,19.752625,892.7029,9.468694,241.721,69.807724
2020-07-16 12:00:00,25.47754,19.651367,892.8309,9.02844,237.90161,70.200745
2020-07-16 13:00:00,25.244537,19.655487,893.2007,8.869616,232.89673,71.19832
2020-07-16 14:00:00,24.522888,19.741638,893.8245,8.900249,227.47362,74.7298
2020-07-16 15:00:00,23.747711,19.670532,894.52155,9.101659,223.4431,77.94352
2020-07-16 16:00:00,23.528229,19.60611,895.06805,9.365579,220.65968,78.66553
2020-07-16 17:00:00,22.92218,19.562073,895.26843,9.695895,219.531,81.37656
2020-07-16 18:00:00,22.798279,19.600433,895.15875,10.02353,219.89543,82.18528
2020-07-16 19:00:00,22.696594,19.585327,894.8437,10.262818,221.0322,82.61606
2020-07-16 20:00:00,22.226562,19.461761,894.54083,10.363225,222.25787,84.35964
2020-07-16 21:00:00,22.080566,19.405518,894.3539,10.293961,223.4407,84.816025
2020-07-16 22:00:00,21.958374,19.480286,894.1918,9.422309,229.37413,85.84841
2020-07-16 23:00:00,21.907593,19.454102,894.33844,9.365817,228.88403,85.97475
2020-07-17 00:00:00,22.142181,19.537872,894.6898,9.27522,227.69644,85.196266
2020-07-17 01:00:00,22.30368,19.576172,895.12915,9.289695,225.39053,84.56371
2020-07-17 02:00:00,23.440613,19.821869,895.5631,9.543613,222.76518,80.14801
2020-07-17 03:00:00,23.741913,19.878448,895.8633,10.048935,221.88159,78.982605
2020-07-17 04:00:00,24.015259,19.934784,896.0136,10.310896,222.56187,77.96678
2020-07-17 05:00:00,25.283783,20.071136,895.93054,10.35285,223.70508,72.8858
2020-07-17 06:00:00,25.771332,20.05194,895.6196,10.365667,224.2093,70.721634
2020-07-17 07:00:00,25.900208,20.064026,895.1026,10.31295,225.02667,70.236145
2020-07-17 08:00:00,26.48172,20.060394,894.5886,10.222488,225.87283,67.84822
2020-07-17 09:00:00,26.52243,20.011993,894.1401,10.094919,226.80151,67.483116
2020-07-17 10:00:00,26.1521,19.96762,893.5758,8.772645,235.70557,68.78537
2020-07-17 11:00:00,25.996674,19.8833,893.6086,8.272375,232.36722,69.059006
2020-07-17 12:00:00,25.786957,19.822784,893.82367,7.7663255,226.85365,69.66034
2020-07-17 13:00:00,25.52945,19.816406,894.2329,7.544677,220.60829,70.704834
2020-07-17 14:00:00,24.67215,19.936676,894.8605,7.782683,214.26395,74.96658
2020-07-17 15:00:00,24.001007,19.909515,895.4576,8.117969,210.10887,77.91152
2020-07-17 16:00:00,23.867584,19.93637,895.8895,8.490113,207.77168,78.66953
2020-07-17 17:00:00,23.332611,19.944946,896.0619,8.839404,207.38373,81.2897
2020-07-17 18:00:00,23.152557,19.931793,896.05585,9.137769,208.25798,82.11182
2020-07-17 19:00:00,23.034271,19.911316,895.8201,9.268365,209.60728,82.59652
2020-07-17 20:00:00,22.42929,19.691498,895.5061,9.273861,210.99794,84.523224
2020-07-17 21:00:00,22.31311,19.644135,895.3044,9.216596,212.20085,84.8726
2020-07-17 22:00:00,22.061676,19.493286,895.2531,8.427512,219.11922,85.37834
2020-07-17 23:00:00,22.045166,19.487549,895.34955,8.27329,218.01968,85.43383
2020-07-18 00:00:00,22.330322,19.56311,895.59094,8.097001,216.75113,84.358284
2020-07-18 01:00:00,22.477356,19.63147,895.98126,8.118141,214.73271,83.96326
2020-07-18 02:00:00,23.474487,19.813232,896.4197,8.423388,213.59583,79.94161
2020-07-18 03:00:00,23.870483,19.839478,896.7937,8.895434,214.31659,78.185
2020-07-18 04:00:00,24.118591,19.858215,896.98334,9.087378,216.29774,77.11786
2020-07-18 05:00:00,25.357574,19.927032,896.98737,9.073436,217.66281,71.92207
2020-07-18 06:00:00,25.91446,19.8956,896.8462,9.032625,218.81152,69.44882
2020-07-18 07:00:00,26.058594,19.933105,896.4507,9.014863,219.76242,69.01907
2020-07-18 08:00:00,26.71408,19.802032,895.9973,8.875218,220.42421,65.86318
2020-07-18 09:00:00,26.749115,19.798462,895.5428,8.777125,221.0589,65.71295
2020-07-18 10:00:00,26.29892,19.7883,894.9888,8.360372,236.625,67.43773
2020-07-18 11:00:00,26.164917,19.702301,894.86163,7.885772,234.6308,67.61208
2020-07-18 12:00:00,26.02536,19.6734,895.0054,7.3960953,230.33748,68.05027
2020-07-18 13:00:00,25.779724,19.684387,895.3315,6.8896422,224.63817,69.094536
2020-07-18 14:00:00,24.966461,19.802277,895.8897,6.7845573,217.98026,73.04987
2020-07-18 15:00:00,24.298431,19.855621,896.51447,6.935527,212.81808,76.27827
2020-07-18 16:00:00,24.153656,19.867035,897.03204,7.2276483,209.39714,76.99784
2020-07-18 17:00:00,23.571716,19.87024,897.23944,7.498811,207.99092,79.755745
2020-07-18 18:00:00,23.359009,19.838928,897.1099,7.764654,208.68431,80.628876
2020-07-18 19:00:00,23.209808,19.826172,896.7791,7.973245,210.50694,81.29437
2020-07-18 20:00:00,22.73944,19.784088,896.38477,8.063668,213.06726,83.42434
2020-07-18 21:00:00,22.579498,19.735077,896.105,8.085994,215.60902,83.98224
2020-07-18 22:00:00,22.368591,19.52008,895.9547,7.5173435,222.91953,83.937485
2020-07-18 23:00:00,22.325745,19.540497,896.0471,7.550044,223.55698,84.2633
2020-07-19 00:00:00,22.52414,19.617004,896.2712,7.5809627,223.29506,83.649826
2020-07-19 01:00:00,22.60376,19.595306,896.59546,7.6826334,222.91516,83.13427
2020-07-19 02:00:00,23.359741,19.724243,896.9317,8.205486,223.59395,80.05393
2020-07-19 03:00:00,23.660095,19.745392,897.13477,8.8859415,226.41718,78.72051
2020-07-19 04:00:00,23.900604,19.774414,897.22034,9.260054,229.32462,77.72936
2020-07-19 05:00:00,24.965973,19.859863,897.10913,9.424583,231.42299,73.313255
2020-07-19 06:00:00,25.463623,20.005005,896.8002,9.549872,232.93619,71.81605
2020-07-19 07:00:00,25.586548,20.038666,896.264,9.669722,234.19939,71.442375
2020-07-19 08:00:00,26.146759,19.916138,895.6356,9.675557,235.10883,68.58804
2020-07-19 09:00:00,26.179108,19.907715,895.0343,9.66124,236.09113,68.42132
2020-07-19 10:00:00,25.549805,19.821472,894.258,9.834402,237.88751,70.64159
2020-07-19 11:00:00,25.438324,19.726807,893.9679,9.593359,238.02942,70.69471
2020-07-19 12:00:00,25.322754,19.692993,894.0044,9.058487,236.08966,71.03291
2020-07-19 13:00:00,25.160309,19.723022,894.2928,8.327697,232.35065,71.85676
2020-07-19 14:00:00,24.327057,19.718597,894.82654,7.971654,227.65305,75.50325
2020-07-19 15:00:00,23.643799,19.608154,895.4384,7.890778,224.40927,78.12953
2020-07-19 16:00:00,23.54538,19.615753,895.9509,8.000077,222.82034,78.63131
2020-07-19 17:00:00,23.056458,19.59024,896.14624,8.174902,222.44992,80.85919
2020-07-19 18:00:00,22.954834,19.597595,895.9755,8.449173,223.24707,81.39521
2020-07-19 19:00:00,22.809479,19.568237,895.6245,8.747913,224.56882,81.965485
2020-07-19 20:00:00,22.340546,19.439056,895.1609,8.983049,225.98436,83.658394
2020-07-19 21:00:00,22.25064,19.41986,894.79443,9.096141,227.29305,84.01694
2020-07-19 22:00:00,21.957947,19.24585,894.6619,8.669865,229.90195,84.60765
2020-07-19 23:00:00,21.873596,19.205627,894.52686,8.7639065,229.1404,84.83149
2020-07-20 00:00:00,22.019714,19.274902,894.68787,8.802027,227.88065,84.44213
2020-07-20 01:00:00,22.058624,19.233185,894.971,8.920655,226.38586,84.023544
2020-07-20 02:00:00,22.846771,19.439758,895.33936,9.472792,225.73181,81.13008
2020-07-20 03:00:00,23.01825,19.416016,895.57007,10.08392,226.53413,80.17356
2020-07-20 04:00:00,23.27716,19.455536,895.6781,10.366573,227.03915,79.12261
2020-07-20 05:00:00,24.347778,19.521515,895.6746,10.660556,227.16435,74.49242
2020-07-20 06:00:00,24.822968,19.576935,895.44946,10.964365,227.6593,72.65488
2020-07-20 07:00:00,25.007538,19.663208,894.9908,11.151373,228.5517,72.2452
2020-07-20 08:00:00,25.507965,19.58191,894.43304,11.253882,229.58109,69.77243
2020-07-20 09:00:00,25.514557,19.534576,893.90344,11.2478,230.43004,69.54034
2020-07-20 10:00:00,25.145721,19.365234,893.3,10.930348,237.19104,70.338264
2020-07-20 11:00:00,24.982788,19.289398,893.08984,10.519598,236.92258,70.69014
2020-07-20 12:00:00,24.832123,19.249878,893.242,9.783868,235.37946,71.15319
2020-07-20 13:00:00,24.71231,19.322601,893.65967,9.00243,231.99301,71.98932
2020-07-20 14:00:00,24.071808,19.416504,894.3594,8.556018,227.36316,75.242874
2020-07-20 15:00:00,23.29663,19.308167,895.07947,8.514944,223.68745,78.3085
2020-07-20 16:00:00,23.188995,19.359283,895.6926,8.581352,221.53519,79.070465
2020-07-20 17:00:00,22.660522,19.296509,896.03345,8.735643,220.58708,81.32352
2020-07-20 18:00:00,22.496216,19.287079,895.99786,8.955993,220.78069,82.090645
2020-07-20 19:00:00,22.39273,19.277802,895.6621,9.22738,221.67987,82.56089
2020-07-20 20:00:00,21.91626,19.135132,895.18646,9.359241,222.91675,84.24009
2020-07-20 21:00:00,21.785522,19.071503,894.8424,9.375771,223.72852,84.57897
2020-07-20 22:00:00,21.546906,18.983154,894.759,8.715183,228.51952,85.350235
2020-07-20 23:00:00,21.491852,18.961212,894.80133,8.614661,226.55959,85.52111
2020-07-21 00:00:00,21.674744,18.979095,895.02795,8.519984,224.57489,84.66406
2020-07-21 01:00:00,21.721252,18.969727,895.574,8.65455,222.4245,84.37443
2020-07-21 02:00:00,22.566986,19.18457,896.0824,9.227385,220.60327,81.21847
2020-07-21 03:00:00,22.823547,19.216766,896.57385,10.12483,220.88156,80.124725
2020-07-21 04:00:00,23.065796,19.241669,896.8607,10.732572,221.84367,79.08062
2020-07-21 05:00:00,24.14383,19.478943,896.9462,11.087071,223.42093,75.20972
2020-07-21 06:00:00,24.649323,19.605164,896.7798,11.259631,224.97505,73.541306
2020-07-21 07:00:00,24.799316,19.645569,896.3298,11.297139,226.61581,73.068275
2020-07-21 08:00:00,25.344543,19.63971,895.7869,11.221351,228.21977,70.70671
2020-07-21 09:00:00,25.404877,19.630249,895.1943,10.9665365,229.58038,70.41218
2020-07-21 10:00:00,24.919952,19.503113,894.6022,9.982569,240.67584,71.90502
2020-07-21 11:00:00,24.852448,19.453278,894.5023,9.23429,239.11678,71.97197
2020-07-21 12:00:00,24.795532,19.485352,894.72656,8.361663,236.3801,72.36106
2020-07-21 13:00:00,24.585815,19.485077,895.14185,7.3758883,231.92374,73.27237
2020-07-21 14:00:00,23.867004,19.452026,895.70233,6.8516498,226.27364,76.34291
2020-07-21 15:00:00,23.301147,19.468262,896.3324,6.697007,221.76361,79.07061
2020-07-21 16:00:00,23.121796,19.450012,896.8239,6.7225385,218.55743,79.841576
2020-07-21 17:00:00,22.557617,19.33609,897.098,6.9107137,216.56987,82.03491
2020-07-21 18:00:00,22.388855,19.288391,897.00415,7.1684813,216.14743,82.6348
2020-07-21 19:00:00,22.278107,19.291351,896.73474,7.4712205,217.11559,83.20867
2020-07-21 20:00:00,21.959229,19.241974,896.36633,7.6739774,218.7963,84.5806
2020-07-21 21:00:00,21.821869,19.217194,896.15967,7.8298793,221.11894,85.16112
2020-07-21 22:00:00,21.635773,19.08548,896.10065,7.462085,230.11504,85.431
2020-07-21 23:00:00,21.610718,19.109802,896.1166,7.4675317,231.08098,85.69182
2020-07-22 00:00:00,21.810883,19.158905,896.26984,7.46362,231.16843,84.9094
2020-07-22 01:00:00,21.865723,19.123291,896.65607,7.814923,231.29002,84.43797
2020-07-22 02:00:00,22.772247,19.333618,897.0499,8.60338,232.05765,80.96108
2020-07-22 03:00:00,23.060577,19.367126,897.37305,9.449137,234.17433,79.72572
2020-07-22 04:00:00,23.274963,19.355011,897.58655,9.9223995,235.74405,78.63994
2020-07-22 05:00:00,24.371155,19.443176,897.5842,10.301996,236.72696,74.02683
2020-07-22 06:00:00,24.943695,19.46524,897.35065,10.660755,237.84317,71.63442
2020-07-22 07:00:00,25.0578,19.47702,896.85156,10.984289,239.31982,71.20085
2020-07-22 08:00:00,25.581207,19.484406,896.2182,11.171268,240.86334,69.05006
2020-07-22 09:00:00,25.629639,19.465973,895.509,11.251091,242.70557,68.772995
2020-07-22 10:00:00,25.291107,19.377625,894.88135,10.730059,247.04231,69.78594
2020-07-22 11:00:00,25.22647,19.339233,894.6902,10.300733,247.16284,69.88775
2020-07-22 12:00:00,25.06314,19.302643,894.8258,9.552554,245.8689,70.410385
2020-07-22 13:00:00,24.872284,19.252228,895.2469,8.657103,242.53412,70.99322
2020-07-22 14:00:00,24.124115,19.402344,895.7985,8.150433,237.77974,74.94098
2020-07-22 15:00:00,23.38501,19.285156,896.3639,7.978485,233.92314,77.78034
2020-07-22 16:00:00,23.23877,19.288635,896.7734,7.983042,230.95952,78.48718
2020-07-22 17:00:00,22.719421,19.23352,896.96606,8.074328,229.06654,80.716324
2020-07-22 18:00:00,22.548065,19.226135,896.79083,8.2367325,228.60097,81.52263
2020-07-22 19:00:00,22.384155,19.184875,896.46515,8.4063635,228.92389,82.1273
2020-07-22 20:00:00,21.890533,19.054596,896.1029,8.524532,229.66179,83.94991
2020-07-22 21:00:00,21.738953,19.05487,895.82196,8.621769,230.8327,84.73204
2020-07-22 22:00:00,21.520233,18.90033,895.5363,8.863007,236.8732,85.04888
2020-07-22 23:00:00,21.447815,18.88559,895.51196,8.618778,237.44685,85.34817
2020-07-23 00:00:00,21.608582,18.884277,895.6995,8.470487,237.10788,84.50566
2020-07-23 01:00:00,21.583344,18.809998,896.09235,8.484027,236.38895,84.244484
2020-07-23 02:00:00,22.523376,19.04068,896.5019,8.774025,236.34314,80.70675
2020-07-23 03:00:00,22.772003,19.074188,896.8515,9.097732,237.27052,79.66452
2020-07-23 04:00:00,23.006287,19.09314,897.10455,9.169104,237.5614,78.63483
2020-07-23 05:00:00,24.209747,19.23935,897.15283,9.201868,237.48465,73.80451
2020-07-23 06:00:00,24.700409,19.2753,897.03357,9.266535,237.51595,71.828735
2020-07-23 07:00:00,24.845642,19.332184,896.7354,9.29843,237.89474,71.46094
2020-07-23 08:00:00,25.316345,19.303314,896.303,9.286653,238.28369,69.35978
2020-07-23 09:00:00,25.336578,19.242676,895.8604,9.203801,239.24042,69.01536
2020-07-23 10:00:00,25.099304,19.130676,895.2877,9.383504,250.09482,69.51034
2020-07-23 11:00:00,25.025696,19.103241,895.1955,8.876064,249.21188,69.69663
2020-07-23 12:00:00,24.887482,19.055267,895.4586,8.236902,246.49109,70.06369
2020-07-23 13:00:00,24.637024,18.927979,895.93945,7.6100345,241.72607,70.55713
2020-07-23 14:00:00,23.83319,19.19577,896.60205,7.191107,235.94951,75.28805
2020-07-23 15:00:00,23.084564,19.003174,897.2683,7.070062,231.27153,77.82546
2020-07-23 16:00:00,22.94638,18.976715,897.70557,7.076981,227.66641,78.34952
2020-07-23 17:00:00,22.385468,18.91803,897.9299,7.2306223,225.59036,80.765564
2020-07-23 18:00:00,22.17212,18.835876,897.926,7.4367356,224.94626,81.402275
2020-07-23 19:00:00,22.039001,18.79486,897.7704,7.6548295,225.59183,81.8552
2020-07-23 20:00:00,21.642242,18.647278,897.4856,7.731993,226.87396,83.09205
2020-07-23 21:00:00,21.51477,18.57022,897.274,7.7342324,228.44145,83.33971
2020-07-23 22:00:00,21.206573,18.4888,897.28076,7.81448,237.86526,84.496704
2020-07-23 23:00:00,21.131317,18.434204,897.4066,7.3387623,239.00777,84.59799
2020-07-24 00:00:00,21.372467,18.494232,897.73694,6.8853936,238.53644,83.67013
2020-07-24 01:00:00,21.495514,18.484802,898.23126,6.552751,237.5997,82.99298
2020-07-24 02:00:00,22.53891,18.737274,898.7114,6.427005,235.96393,79.11757
2020-07-24 03:00:00,22.939514,18.80191,899.03577,6.557538,234.97581,77.53127
2020-07-24 04:00:00,23.238129,18.93155,899.2385,6.6491623,234.2912,76.76251
2020-07-24 05:00:00,24.488647,19.06485,899.2252,6.794222,233.87416,71.79657
2020-07-24 06:00:00,25.034729,19.12439,898.99725,6.932388,234.7771,69.751015
2020-07-24 07:00:00,25.285889,19.25644,898.57025,7.033229,236.35896,69.2831
2020-07-24 08:00:00,26.025452,19.214294,898.04626,7.054197,239.20694,66.13494
2020-07-24 09:00:00,26.029175,19.194275,897.55524,6.9917583,242.50626,66.03796
2020-07-24 10:00:00,25.457733,19.09732,897.03235,6.372991,247.64975,67.90236
2020-07-24 11:00:00,25.359375,19.021576,896.82306,5.9736934,248.63824,67.97866
2020-07-24 12:00:00,25.229492,18.967865,896.88885,5.4850173,247.54721,68.276794
2020-07-24 13:00:00,25.030243,19.05069,897.2902,5.124468,244.71048,69.449844
2020-07-24 14:00:00,24.185394,19.128693,897.85443,4.931428,239.59467,73.40465
2020-07-24 15:00:00,23.41983,19.123169,898.4487,4.8427744,235.43997,76.83791
2020-07-24 16:00:00,23.258514,19.0997,898.85547,4.8112016,232.62204,77.47643
2020-07-24 17:00:00,22.699646,19.010895,899.0084,4.8233156,231.68933,79.69964
2020-07-24 18:00:00,22.489624,18.929474,898.9073,4.905127,232.15268,80.31321
2020-07-24 19:00:00,22.353699,18.905365,898.6379,4.934257,233.82703,80.85776
2020-07-24 20:00:00,21.91748,18.794586,898.3399,4.895257,236.23358,82.4627
2020-07-24 21:00:00,21.712036,18.700867,898.1197,4.7656527,238.5921,83.01605
2020-07-24 22:00:00,21.548431,18.631805,898.05237,4.539183,236.09079,83.489334
2020-07-24 23:00:00,21.517487,18.632782,898.1955,4.384985,237.60231,83.6527
2020-07-25 00:00:00,21.825256,18.693909,898.4746,4.2193284,238.576,82.408
2020-07-25 01:00:00,21.996857,18.744904,898.9777,4.003171,238.12335,81.81001
2020-07-25 02:00:00,23.124756,19.040833,899.4093,3.9379325,236.49164,77.81909
2020-07-25 03:00:00,23.474548,18.999603,899.7356,4.0506396,235.14857,75.99689
2020-07-25 04:00:00,23.802704,19.086395,899.88556,4.2319117,235.50888,74.91391
2020-07-25 05:00:00,25.112152,19.16742,899.845,4.3793445,237.59586,69.61639
2020-07-25 06:00:00,25.622955,19.290802,899.59937,4.6285343,240.5948,68.0547
2020-07-25 07:00:00,25.77536,19.37024,899.1678,4.8745623,243.71465,67.77648
2020-07-25 08:00:00,26.354553,19.276337,898.7092,5.0699925,247.43925,65.112175
2020-07-25 09:00:00,26.384613,19.240814,898.2216,5.1559553,250.56445,64.85317
2020-07-25 10:00:00,25.988953,19.249756,897.70013,5.307492,262.18402,66.42445
2020-07-25 11:00:00,25.877808,19.174988,897.5316,5.016433,262.32257,66.55237
2020-07-25 12:00:00,25.678009,19.18155,897.7036,4.738802,258.95493,67.37281
2020-07-25 13:00:00,25.483704,19.328766,898.0906,4.518013,253.97055,68.78203
2020-07-25 14:00:00,24.629822,19.47168,898.6618,4.5092726,247.64008,73.019005
2020-07-25 15:00:00,23.724152,19.474823,899.18945,4.618359,241.92859,77.11103
2020-07-25 16:00:00,23.539917,19.46408,899.6367,4.8792567,238.33847,77.91948
2020-07-25 17:00:00,22.940857,19.341736,899.82697,5.1567793,236.6098,80.17871
2020-07-25 18:00:00,22.7529,19.310242,899.775,5.4756985,235.96063,80.93832
2020-07-25 19:00:00,22.617981,19.28299,899.50006,5.7748027,236.92514,81.465164
2020-07-25 20:00:00,22.176453,19.167877,899.1074,5.9594393,238.2842,83.08385
2020-07-25 21:00:00,22.017822,19.108795,898.80975,6.021058,239.8761,83.582535
2020-07-25 22:00:00,21.743958,18.995178,898.5664,6.049742,251.38962,84.391335
2020-07-25 23:00:00,21.712769,19.005432,898.67834,5.83966,251.95894,84.60642
2020-07-26 00:00:00,22.019012,19.08496,899.0365,5.718264,251.49698,83.45242
2020-07-26 01:00:00,22.09909,19.103577,899.5657,5.553676,250.75696,83.142494
2020-07-26 02:00:00,23.245026,19.328796,899.9707,5.5305843,247.61731,78.6539
2020-07-26 03:00:00,23.684113,19.370758,900.20526,5.800458,245.13512,76.79855
2020-07-26 04:00:00,23.995026,19.405823,900.2271,6.072796,244.62311,75.54044
2020-07-26 05:00:00,25.295074,19.445984,900.04956,6.220512,245.32704,70.0667
2020-07-26 06:00:00,25.917938,19.528503,899.71436,6.403815,245.71396,67.870895
2020-07-26 07:00:00,26.140533,19.685303,899.18494,6.6231513,246.9744,67.638245
2020-07-26 08:00:00,26.81253,19.688354,898.61743,6.832509,248.17181,65.0226
2020-07-26 09:00:00,26.858154,19.67865,898.0496,6.9324408,249.49274,64.809296
2020-07-26 10:00:00,26.375977,19.654114,897.40796,6.97019,257.10056,66.57512
2020-07-26 11:00:00,26.232452,19.65738,897.21515,6.8146667,256.63928,67.15533
2020-07-26 12:00:00,26.07492,19.742096,897.2188,6.523872,254.55574,68.14086
2020-07-26 13:00:00,25.851654,19.679352,897.59644,5.994837,250.90579,68.779144
2020-07-26 14:00:00,24.988037,19.78711,898.0839,5.937068,246.0189,72.88735
2020-07-26 15:00:00,24.202545,19.81308,898.63745,5.993313,242.04057,76.51603
2020-07-26 16:00:00,24.062653,19.864166,898.9964,6.2386255,238.88405,77.4058
2020-07-26 17:00:00,23.378784,19.759613,899.1097,6.621967,237.80988,80.13759
2020-07-26 18:00:00,23.214996,19.7099,898.8894,7.0506115,238.47617,80.68495
2020-07-26 19:00:00,23.035156,19.661438,898.5613,7.3851047,240.44534,81.32216
2020-07-26 20:00:00,22.54123,19.565735,898.1774,7.600551,241.93706,83.29739
2020-07-26 21:00:00,22.459167,19.557617,897.91986,7.6694036,243.90686,83.67148
2020-07-26 22:00:00,22.142944,19.398682,897.7218,7.62962,251.90921,84.45836
2020-07-26 23:00:00,22.085907,19.37027,897.76794,7.4035344,253.52383,84.60274
2020-07-27 00:00:00,22.36856,19.454407,897.9373,7.195419,254.04216,83.595726
2020-07-27 01:00:00,22.493225,19.483643,898.3452,7.1305723,254.18802,83.11559
2020-07-27 02:00:00,23.680695,19.734497,898.70233,7.4229836,253.8493,78.569824
2020-07-27 03:00:00,24.027771,19.777832,898.8828,8.091237,255.60815,77.154045
2020-07-27 04:00:00,24.301697,19.875366,898.8685,8.5160265,257.60358,76.35673
2020-07-27 05:00:00,25.564362,19.95819,898.61896,8.705989,259.5641,71.18103
2020-07-27 06:00:00,26.05371,19.97699,898.1679,8.790228,260.42383,69.226906
2020-07-27 07:00:00,26.219452,20.00882,897.5619,8.868374,260.80063,68.68713
2020-07-27 08:00:00,26.65155,20.02362,896.8738,8.892785,261.39484,67.01986
2020-07-27 09:00:00,26.777863,20.063477,896.1758,8.875376,261.7067,66.68768
2020-07-27 10:00:00,26.232025,19.931824,895.5186,8.954906,268.03207,68.30966
2020-07-27 11:00:00,26.087555,19.888153,895.3021,8.59869,266.36563,68.70933
2020-07-27 12:00:00,25.879333,19.80777,895.4048,7.766679,263.29953,69.21561
2020-07-27 13:00:00,25.637634,19.812256,895.8313,6.832557,257.3299,70.234116
2020-07-27 14:00:00,24.924469,19.977386,896.4088,6.245472,250.29857,74.03199
2020-07-27 15:00:00,24.145447,19.96878,897.0533,6.0422673,244.10397,77.52285
2020-07-27 16:00:00,24.007507,19.958923,897.5212,6.0745792,238.89493,78.11981
2020-07-27 17:00:00,23.406036,19.924835,897.6585,6.2689,235.51654,80.829506
2020-07-27 18:00:00,23.24292,19.855347,897.4431,6.572916,234.36024,81.27875
2020-07-27 19:00:00,23.097748,19.82367,897.031,6.8636527,234.41394,81.83426
2020-07-27 20:00:00,22.630798,19.695984,896.6275,7.075326,235.46173,83.51831
2020-07-27 21:00:00,22.521088,19.668854,896.3299,7.2095547,236.57733,83.93505
2020-07-27 22:00:00,22.33255,19.553741,896.19305,6.7501607,245.80191,84.29778
2020-07-27 23:00:00,22.292816,19.53247,896.2657,6.433344,245.80206,84.39022
2020-07-28 00:00:00,22.516052,19.535126,896.38495,6.1480007,243.68616,83.26636
2020-07-28 01:00:00,22.545929,19.530823,896.76654,6.0260015,241.00323,83.093216
2020-07-28 02:00:00,23.328705,19.686493,897.18506,6.2548766,239.51567,80.016396
2020-07-28 03:00:00,23.671967,19.737274,897.5136,6.746702,240.50348,78.62466
2020-07-28 04:00:00,23.912903,19.784027,897.5946,7.0670576,241.06335,77.718216
2020-07-28 05:00:00,24.990204,19.855377,897.43884,7.298845,240.9151,73.187035
2020-07-28 06:00:00,25.430359,19.960388,897.11414,7.549148,240.69098,71.75964
2020-07-28 07:00:00,25.542114,19.96289,896.6186,7.7694416,240.89792,71.29586
2020-07-28 08:00:00,26.078644,19.998566,896.0476,7.9457664,241.46844,69.21729
2020-07-28 09:00:00,26.116943,20.019653,895.435,7.9958544,241.71394,69.1509
2020-07-28 10:00:00,25.705994,19.808197,894.83295,7.6051197,248.3562,69.93225
2020-07-28 11:00:00,25.594696,19.768585,894.6641,7.48056,245.68898,70.22292
2020-07-28 12:00:00,25.450836,19.737823,894.8198,7.190343,241.34096,70.69046
2020-07-28 13:00:00,25.280304,19.748535,895.3072,6.84232,233.3675,71.45834
2020-07-28 14:00:00,24.55072,19.82666,895.9202,6.7598205,226.05669,74.99985
2020-07-28 15:00:00,23.76709,19.713318,896.49963,6.892698,220.49818,78.05965
2020-07-28 16:00:00,23.601807,19.701569,896.83545,7.188567,217.43628,78.782906
2020-07-28 17:00:00,23.027985,19.67627,896.8536,7.5883846,216.63336,81.43241
2020-07-28 18:00:00,22.857391,19.622864,896.53217,7.928281,217.61543,82.00557
2020-07-28 19:00:00,22.755432,19.621277,896.1582,8.235675,219.23192,82.50577
2020-07-28 20:00:00,22.279602,19.499908,895.78625,8.486754,220.88835,84.28735
2020-07-28 21:00:00,22.164612,19.418549,895.5704,8.671725,222.61684,84.45124
2020-07-28 22:00:00,21.852325,19.347656,895.284,8.064602,233.2958,85.69606
2020-07-28 23:00:00,21.831207,19.323547,895.38135,7.865057,232.24382,85.67799
2020-07-29 00:00:00,22.058136,19.40506,895.6021,7.6633363,229.69493,84.92964
2020-07-29 01:00:00,22.085266,19.323761,896.065,7.5833445,226.02055,84.36156
2020-07-29 02:00:00,22.84079,19.52591,896.50854,7.819734,222.42613,81.595245
2020-07-29 03:00:00,23.091644,19.518036,896.8133,8.275039,221.34552,80.32617
2020-07-29 04:00:00,23.349823,19.528473,896.9441,8.610283,221.02072,79.134155
2020-07-29 05:00:00,24.488495,19.656769,896.92267,8.949983,221.09471,74.49043
2020-07-29 06:00:00,24.99292,19.769745,896.7523,9.231168,221.83807,72.787704
2020-07-29 07:00:00,25.156494,19.824158,896.3258,9.401742,222.91223,72.32529
2020-07-29 08:00:00,25.684479,19.77243,895.8766,9.477967,224.16086,69.86644
2020-07-29 09:00:00,25.704163,19.829285,895.4324,9.443885,225.59857,70.03137
2020-07-29 10:00:00,25.467651,19.82022,894.9574,8.9047365,235.96375,70.98161
2020-07-29 11:00:00,25.40686,19.760803,895.0355,8.557965,235.35977,70.97654
2020-07-29 12:00:00,25.29419,19.650269,895.25854,8.190563,232.50356,70.96529
2020-07-29 13:00:00,25.135803,19.631195,895.78705,7.9574537,227.76396,71.55275
2020-07-29 14:00:00,24.335327,19.881805,896.424,7.9360228,222.80637,76.23338
2020-07-29 15:00:00,23.61084,19.728943,897.0376,8.044286,218.93613,78.87389
2020-07-29 16:00:00,23.458832,19.74118,897.42554,8.302585,216.9482,79.66039
2020-07-29 17:00:00,22.96164,19.711884,897.5346,8.641806,216.71884,81.94092
2020-07-29 18:00:00,22.792358,19.690735,897.2868,8.959212,217.9846,82.676956
2020-07-29 19:00:00,22.658905,19.672089,896.8904,9.225859,219.96806,83.252426
2020-07-29 20:00:00,22.297333,19.588806,896.49255,9.385608,222.11664,84.66278
2020-07-29 21:00:00,22.137787,19.55127,896.2251,9.427935,224.28215,85.29003
2020-07-29 22:00:00,21.893494,19.382996,896.18555,8.740331,230.17952,85.66911
2020-07-29 23:00:00,21.838715,19.380402,896.2304,8.569812,230.08006,85.94219
2020-07-30 00:00:00,22.061829,19.424286,896.47687,8.387839,229.22247,85.012085
2020-07-30 01:00:00,22.072418,19.386902,896.89307,8.27932,227.51112,84.759964
2020-07-30 02:00:00,22.90033,19.587646,897.41815,8.476717,226.64563,81.61384
2020-07-30 03:00:00,23.174255,19.591736,897.7914,8.798695,226.83919,80.292725
2020-07-30 04:00:00,23.44345,19.651703,898.01764,8.980148,227.55347,79.29284
2020-07-30 05:00:00,24.526459,19.754486,897.97076,9.090724,228.4303,74.7734
2020-07-30 06:00:00,25.038513,19.82602,897.6732,9.180294,230.07205,72.843864
2020-07-30 07:00:00,25.237,19.902649,897.18225,9.156277,231.53828,72.33046
2020-07-30 08:00:00,25.794006,19.820251,896.6644,9.0544815,232.87872,69.620316
2020-07-30 09:00:00,25.931854,19.874695,896.211,8.844022,233.99435,69.28753
2020-07-30 10:00:00,25.479675,19.72638,895.69495,7.9300294,245.02242,70.51933
2020-07-30 11:00:00,25.424377,19.717072,895.5316,7.5635777,243.51654,70.71059
2020-07-30 12:00:00,25.292389,19.697327,895.5797,7.256593,240.12283,71.18049
2020-07-30 13:00:00,25.085815,19.725555,895.8942,7.159802,235.24988,72.18765
2020-07-30 14:00:00,24.352783,19.94461,896.4405,7.2490788,230.0433,76.4506
2020-07-30 15:00:00,23.56009,19.764404,897.0215,7.386246,225.7837,79.289696
2020-07-30 16:00:00,23.444733,19.76358,897.4485,7.70371,222.87279,79.83902
2020-07-30 17:00:00,22.960022,19.751587,897.5291,8.103888,221.52486,82.15104
2020-07-30 18:00:00,22.843567,19.756134,897.2531,8.544912,222.28021,82.75586
2020-07-30 19:00:00,22.712341,19.751953,896.8271,8.908655,224.0076,83.3952
2020-07-30 20:00:00,22.271759,19.63385,896.42694,9.171396,225.86604,85.03212
2020-07-30 21:00:00,22.160614,19.627777,896.2176,9.262216,228.05124,85.57718
2020-07-30 22:00:00,21.956085,19.490692,896.0863,8.761264,234.75885,85.91596
2020-07-30 23:00:00,21.905396,19.484253,896.1465,8.644924,235.02354,86.147606
2020-07-31 00:00:00,22.161102,19.488312,896.35516,8.488982,234.63464,84.83647
2020-07-31 01:00:00,22.203033,19.52481,896.7395,8.403016,233.1901,84.812256
2020-07-31 02:00:00,23.026428,19.67926,897.1985,8.6060505,231.40698,81.45516
2020-07-31 03:00:00,23.389893,19.779175,897.5379,9.065638,230.67842,80.18112
2020-07-31 04:00:00,23.726288,19.882355,897.6433,9.4399185,231.40176,79.07605
2020-07-31 05:00:00,24.900635,19.933228,897.4847,9.701566,232.14987,73.934845
2020-07-31 06:00:00,25.43869,19.930084,897.1425,9.948377,232.91643,71.58962
2020-07-31 07:00:00,25.579163,20.020111,896.5918,10.100812,233.99199,71.39166
2020-07-31 08:00:00,26.2901,20.12085,895.99506,10.165113,235.18283,68.87691
2020-07-31 09:00:00,26.311676,20.213287,895.34064,10.134451,236.2385,69.18351
2020-07-31 10:00:00,25.717346,20.108124,894.6729,9.565572,245.06,71.1954
2020-07-31 11:00:00,25.62854,20.065155,894.56134,9.360957,242.92018,71.38145
2020-07-31 12:00:00,25.497498,20.063354,894.69104,9.240681,239.94687,71.930984
2020-07-31 13:00:00,25.313995,20.032898,895.1178,9.206792,236.33238,72.58296
2020-07-31 14:00:00,24.529327,20.122345,895.7583,9.21589,232.72537,76.483536
2020-07-31 15:00:00,23.808716,20.061554,896.51,9.305974,229.84735,79.5628
2020-07-31 16:00:00,23.606628,19.985565,897.05615,9.49708,227.9726,80.158714
2020-07-31 17:00:00,23.066772,19.888763,897.2429,9.701032,227.46532,82.31913
2020-07-31 18:00:00,22.8721,19.880432,896.9585,9.967593,228.40448,83.25201
2020-07-31 19:00:00,22.727112,19.863617,896.58185,10.209758,230.45485,83.899376
2020-07-31 20:00:00,22.197418,19.68692,896.1537,10.403873,232.60757,85.699615
2020-07-31 21:00:00,22.121094,19.701843,895.8482,10.48643,234.57584,86.178696
2020-07-31 22:00:00,21.856537,19.53241,895.6893,9.271553,242.96268,86.66384
2020-07-31 23:00:00,21.822174,19.545929,895.65204,9.324937,241.73422,86.918816
2020-08-01 00:00:00,22.046722,19.61618,895.80884,9.322327,240.73871,86.11107
2020-08-01 01:00:00,22.12619,19.633453,896.11115,9.332488,239.23495,85.78703
2020-08-01 02:00:00,23.148407,19.935211,896.5043,9.538167,237.35518,82.14981
2020-08-01 03:00:00,23.480164,19.962097,896.8473,10.052768,236.27844,80.654816
2020-08-01 04:00:00,23.755432,20.044067,897.10205,10.518095,236.31393,79.73196
2020-08-01 05:00:00,25.14853,20.181946,897.0707,10.921244,236.56331,73.98029
2020-08-01 06:00:00,25.683167,20.232574,896.7483,11.308928,236.86494,71.890945
2020-08-01 07:00:00,25.853424,20.301483,896.1754,11.722876,237.25653,71.47264
2020-08-01 08:00:00,26.382172,20.311096,895.49786,12.090153,237.83682,69.31387
2020-08-01 09:00:00,26.450684,20.267548,894.9202,12.391654,238.50671,68.84877
2020-08-01 10:00:00,25.933289,20.144745,894.17084,11.508989,245.56,70.44958
2020-08-01 11:00:00,25.807678,20.045013,894.114,11.674825,244.37535,70.53917
2020-08-01 12:00:00,25.679138,20.000366,894.29407,11.718594,242.61176,70.882675
2020-08-01 13:00:00,25.502563,20.013977,894.757,11.504015,239.86949,71.68992
2020-08-01 14:00:00,24.773773,20.212463,895.2765,11.507533,236.64459,75.795235
2020-08-01 15:00:00,23.917084,20.08905,895.8887,11.652032,234.2203,79.18065
2020-08-01 16:00:00,23.832153,20.116394,896.366,11.921671,232.88342,79.72075
2020-08-01 17:00:00,23.354828,20.08844,896.50006,12.257456,232.58511,81.90506
2020-08-01 18:00:00,23.166412,20.071533,896.3081,12.686206,233.2089,82.75594
2020-08-01 19:00:00,23.052612,20.09378,895.99713,13.038919,234.44592,83.442154
2020-08-01 20:00:00,22.622955,19.965302,895.6053,13.307908,235.98657,84.96478
2020-08-01 21:00:00,22.475555,19.902924,895.24854,13.421833,237.66162,85.39815
2020-08-01 22:00:00,22.207397,19.796936,895.0731,12.955278,241.61617,86.234055
2020-08-01 23:00:00,22.155182,19.813782,894.9917,13.022418,242.49371,86.59911
2020-08-02 00:00:00,22.479004,19.876953,895.1612,13.007735,242.77295,85.24296
2020-08-02 01:00:00,22.556213,19.865143,895.4957,13.093909,242.68791,84.782036
2020-08-02 02:00:00,23.539001,20.102142,895.84625,13.340528,242.18428,81.06888
2020-08-02 03:00:00,23.912445,20.169739,896.0697,13.925879,242.64154,79.59897
2020-08-02 04:00:00,24.17337,20.218231,896.11237,14.395639,243.78583,78.59674
2020-08-02 05:00:00,25.564545,20.310303,895.9386,14.696495,244.83841,72.74735
2020-08-02 06:00:00,26.138641,20.369965,895.52545,14.912129,245.50824,70.57417
2020-08-02 07:00:00,26.300201,20.425018,894.9389,15.163446,246.30006,70.14166
2020-08-02 08:00:00,26.995087,20.440918,894.2238,15.351439,247.32465,67.39508
2020-08-02 09:00:00,27.092957,20.58667,893.53577,15.49813,248.2543,67.61387
2020-08-02 10:00:00,26.285461,20.371979,892.9286,14.617295,251.95227,69.97326
2020-08-02 11:00:00,26.172821,20.248566,892.69006,14.602193,250.12418,69.90559
2020-08-02 12:00:00,26.026001,20.198517,892.7125,14.345073,247.86484,70.297386
2020-08-02 13:00:00,25.814026,20.167847,892.94946,14.106251,244.49599,71.05047
2020-08-02 14:00:00,24.950653,20.323181,893.4012,14.190295,241.75327,75.5141
2020-08-02 15:00:00,24.223297,20.248444,893.89166,14.449543,239.69806,78.50818
2020-08-02 16:00:00,24.106323,20.232117,894.24536,14.816641,238.43674,78.98134
2020-08-02 17:00:00,23.551666,20.157837,894.3621,15.258227,238.03802,81.28655
2020-08-02 18:00:00,23.337585,20.08191,894.18054,15.745299,238.42697,81.95723
2020-08-02 19:00:00,23.20523,20.052673,893.87616,16.195145,239.4173,82.46573
2020-08-02 20:00:00,22.77063,19.871063,893.43787,16.52018,240.84888,83.71689
2020-08-02 21:00:00,22.45639,19.788544,892.9989,16.613516,242.44356,84.893654
2020-08-02 22:00:00,22.282196,19.704407,892.7829,15.8642025,244.83813,85.3511
2020-08-02 23:00:00,22.236664,19.71524,892.70123,16.006714,245.20016,85.64547
2020-08-03 00:00:00,22.446777,19.748322,892.69696,15.968736,245.55008,84.73162
2020-08-03 01:00:00,22.522247,19.756042,892.9402,15.949908,245.78671,84.384415
2020-08-03 02:00:00,23.464722,19.91745,893.23553,16.064348,245.88925,80.50699
2020-08-03 03:00:00,23.81726,19.970703,893.4764,16.573196,246.2107,79.07594
2020-08-03 04:00:00,24.068085,19.96933,893.5792,16.926699,246.66777,77.88632
2020-08-03 05:00:00,25.361725,20.11673,893.4599,17.139477,246.94107,72.75362
2020-08-03 06:00:00,25.976562,20.257996,893.1371,17.414515,247.18497,70.763
2020-08-03 07:00:00,26.1557,20.336334,892.6205,17.595654,247.28589,70.356766
2020-08-03 08:00:00,26.652954,20.265472,891.9854,17.637327,247.53056,68.024155
2020-08-03 09:00:00,26.731354,20.295746,891.38794,17.600359,247.72333,67.837654
2020-08-03 10:00:00,26.101318,20.07254,890.7209,16.610035,248.37494,69.441734
2020-08-03 11:00:00,25.9729,19.966034,890.46985,16.535568,246.82877,69.51154
2020-08-03 12:00:00,25.775421,19.910248,890.4804,16.299383,244.62057,70.08685
2020-08-03 13:00:00,25.610077,19.963226,890.6929,16.05502,241.9312,71.01025
2020-08-03 14:00:00,24.793549,20.082489,891.12805,16.028046,239.65575,75.09969
2020-08-03 15:00:00,24.083588,20.032715,891.60187,16.128748,238.1134,78.119835
2020-08-03 16:00:00,23.940521,20.03241,891.9437,16.340551,237.06491,78.792534
2020-08-03 17:00:00,23.374237,19.93631,892.07874,16.635727,236.55008,81.04235
2020-08-03 18:00:00,23.189178,19.883453,891.90314,16.984009,236.8865,81.68526
2020-08-03 19:00:00,23.0466,19.862457,891.60065,17.286282,237.77113,82.28541
2020-08-03 20:00:00,22.623138,19.784546,891.1866,17.531624,238.87912,84.01746
2020-08-03 21:00:00,22.536865,19.76767,890.8597,17.661892,240.04909,84.37033
2020-08-03 22:00:00,22.318329,19.647858,890.55664,16.919567,240.77838,84.86528
2020-08-03 23:00:00,22.219788,19.583557,890.5567,17.137821,241.19922,85.035545
2020-08-04 00:00:00,22.503662,19.666962,890.7113,17.10722,241.2206,84.01406
2020-08-04 01:00:00,22.585388,19.714325,891.1082,17.052948,240.97556,83.844185
2020-08-04 02:00:00,23.439087,19.803864,891.51807,17.212593,240.64583,80.06596
2020-08-04 03:00:00,23.778198,19.835999,891.8261,17.452362,240.77551,78.60324
2020-08-04 04:00:00,24.028748,19.880493,891.97766,17.564154,240.99353,77.64206
2020-08-04 05:00:00,25.170197,20.00998,891.9772,17.556677,240.95091,73.103004
2020-08-04 06:00:00,25.687897,20.06778,891.7207,17.518816,240.99445,71.14209
2020-08-04 07:00:00,25.800629,20.094727,891.2724,17.484638,240.95045,70.78607
2020-08-04 08:00:00,26.438599,20.111755,890.6934,17.425419,241.03625,68.237495
2020-08-04 09:00:00,26.462189,20.148865,890.12,17.251284,241.20117,68.2992
2020-08-04 10:00:00,26.087738,20.235046,889.51117,15.7421665,240.15915,70.19946
2020-08-04 11:00:00,25.968903,20.13797,889.2385,15.844792,239.78981,70.271774
2020-08-04 12:00:00,25.793274,20.042084,889.34045,15.824152,239.1731,70.58662
2020-08-04 13:00:00,25.539154,19.998505,889.6834,15.816174,237.87515,71.465805
2020-08-04 14:00:00,24.813019,20.127258,890.25635,15.833365,236.59637,75.22048
2020-08-04 15:00:00,24.072021,19.990631,890.8168,15.873249,235.38257,77.97067
2020-08-04 16:00:00,23.956696,20.005005,891.2607,15.990526,234.51855,78.58256
2020-08-04 17:00:00,23.430847,19.95755,891.4521,16.068274,233.96298,80.87229
2020-08-04 18:00:00,23.26178,19.913025,891.35376,16.20941,234.24106,81.47688
2020-08-04 19:00:00,23.17865,19.91565,891.07495,16.329773,235.00623,81.90045
2020-08-04 20:00:00,22.768585,19.768219,890.7311,16.30358,235.9409,83.19515
2020-08-04 21:00:00,22.673096,19.730438,890.5446,16.17218,236.78734,83.48248
2020-08-04 22:00:00,22.319,19.625946,890.47534,15.035262,234.8252,84.74645
2020-08-04 23:00:00,22.276337,19.614807,890.4989,14.983065,234.30356,84.90798
2020-08-05 00:00:00,22.478516,19.70636,890.71844,14.903307,233.5425,84.348495
2020-08-05 01:00:00,22.588806,19.747162,891.1827,14.743232,232.29306,83.99773
2020-08-05 02:00:00,23.49643,19.89917,891.6845,14.824705,231.01347,80.26229
2020-08-05 03:00:00,23.802063,19.897583,892.05365,15.025693,229.94096,78.7906
2020-08-05 04:00:00,24.08316,19.967438,892.2725,15.193741,229.09084,77.80675
2020-08-05 05:00:00,25.266144,20.08725,892.3148,15.271293,228.74284,73.03511
2020-08-05 06:00:00,25.812439,20.146515,892.1867,15.2972,228.5503,70.96348
2020-08-05 07:00:00,25.987183,20.235718,891.8718,15.240293,228.4389,70.62126
2020-08-05 08:00:00,26.431274,20.249664,891.41,15.159536,228.37907,68.851524
2020-08-05 09:00:00,26.476013,20.234924,890.97906,15.00885,228.61252,68.60757
2020-08-05 10:00:00,26.070343,20.145538,890.4917,14.089337,227.903,69.883934
2020-08-05 11:00:00,25.984436,20.100433,890.4939,13.91543,226.89325,70.044365
2020-08-05 12:00:00,25.819824,20.137909,890.7805,13.656086,225.66402,70.89468
2020-08-05 13:00:00,25.58908,20.106567,891.3457,13.518905,223.96053,71.73241
2020-08-05 14:00:00,24.740814,20.096222,892.04016,13.335534,222.43823,75.400635
2020-08-05 15:00:00,24.075409,20.043243,892.72217,13.21154,221.13495,78.209145
2020-08-05 16:00:00,23.912628,20.029541,893.2227,13.237843,220.56734,78.91073
2020-08-05 17:00:00,23.418976,19.99347,893.479,13.340628,220.41032,81.11046
2020-08-05 18:00:00,23.293274,19.983612,893.47107,13.453133,220.93256,81.67832
2020-08-05 19:00:00,23.147858,19.939178,893.27856,13.510655,221.7872,82.17273
2020-08-05 20:00:00,22.768433,19.837341,892.9933,13.550675,222.8857,83.553246
2020-08-05 21:00:00,22.673645,19.809845,892.7951,13.44778,224.04466,83.89183
2020-08-05 22:00:00,22.419128,19.681671,892.62115,12.415448,224.40135,84.52387
2020-08-05 23:00:00,22.385712,19.66504,892.72174,12.290213,224.5255,84.60842
2020-08-06 00:00:00,22.621552,19.762543,893.08905,12.120828,224.29001,83.91096
2020-08-06 01:00:00,22.709259,19.814697,893.692,12.000913,223.2295,83.73599
2020-08-06 02:00:00,23.704193,20.112122,894.3348,12.100738,221.82907,80.315735
2020-08-06 03:00:00,24.040009,20.184021,894.8002,12.399275,220.38995,79.06105
2020-08-06 04:00:00,24.298248,20.244354,895.065,12.74172,220.43462,78.13643
2020-08-06 05:00:00,25.464722,20.417633,895.09546,12.894517,221.23308,73.66646
2020-08-06 06:00:00,25.941284,20.493225,894.9957,12.929749,222.23643,71.94818
2020-08-06 07:00:00,26.083313,20.534546,894.7065,12.909822,223.73506,71.52808
2020-08-06 08:00:00,26.601685,20.630829,894.2054,12.714006,224.693,69.78544
2020-08-06 09:00:00,26.609589,20.60379,893.7258,12.509607,225.62688,69.63685
2020-08-06 10:00:00,26.148224,20.639343,893.1972,10.956647,229.99,71.71582
2020-08-06 11:00:00,26.01413,20.58908,893.1097,10.490244,228.26291,72.06329
2020-08-06 12:00:00,25.773499,20.505524,893.2728,10.247521,225.50938,72.72206
2020-08-06 13:00:00,25.562744,20.464722,893.6858,10.343835,222.25343,73.45196
2020-08-06 14:00:00,24.750397,20.610077,894.33234,10.70217,219.64793,77.78675
2020-08-06 15:00:00,24.016418,20.42627,895.0076,10.984036,217.49747,80.36669
2020-08-06 16:00:00,23.873474,20.39804,895.5125,11.263663,216.39684,80.918915
2020-08-06 17:00:00,23.411865,20.34497,895.7592,11.575318,216.03943,82.92815
2020-08-06 18:00:00,23.229767,20.252808,895.6694,11.818293,216.78333,83.36897
2020-08-06 19:00:00,23.099854,20.255402,895.41675,12.063039,218.13718,84.03967
2020-08-06 20:00:00,22.659882,20.126312,895.0426,12.250644,220.0809,85.62359
2020-08-06 21:00:00,22.593414,20.091461,894.84216,12.322233,221.88719,85.784546
2020-08-06 22:00:00,22.335388,20.018402,894.80194,11.481034,227.44135,86.7471
2020-08-06 23:00:00,22.316742,20.013641,894.9378,11.425447,227.24937,86.81996
2020-08-07 00:00:00,22.569672,20.084747,895.3201,11.320661,227.19238,85.87261
2020-08-07 01:00:00,22.665741,20.10147,895.8809,11.246694,226.42426,85.46173
2020-08-07 02:00:00,23.551422,20.249023,896.46423,11.315403,225.12392,81.747246
2020-08-07 03:00:00,23.84848,20.305908,896.90063,11.755184,224.46114,80.58093
2020-08-07 04:00:00,24.129333,20.371246,897.08563,12.145551,225.49815,79.55307
2020-08-07 05:00:00,25.376068,20.525848,896.9441,12.332808,227.21341,74.55168
2020-08-07 06:00:00,25.81186,20.553589,896.6016,12.386208,228.66418,72.772285
2020-08-07 07:00:00,25.999512,20.646942,896.11835,12.4318695,230.21294,72.383255
2020-08-07 08:00:00,26.403992,20.662354,895.59424,12.360436,231.57619,70.74085
2020-08-07 09:00:00,26.372345,20.62613,895.02295,12.144617,232.8296,70.7151
2020-08-07 10:00:00,25.9422,20.719543,894.5386,11.260658,241.79375,72.954735
2020-08-07 11:00:00,25.84549,20.638824,894.4521,10.729881,240.28271,73.009926
2020-08-07 12:00:00,25.684937,20.618408,894.63007,10.174262,237.11653,73.61547
2020-08-07 13:00:00,25.396118,20.519806,894.9802,10.024748,233.63727,74.43513
2020-08-07 14:00:00,24.672363,20.53366,895.6622,10.133451,230.44792,77.78303
2020-08-07 15:00:00,23.995483,20.500671,896.3797,10.224704,228.13493,80.83801
2020-08-07 16:00:00,23.895325,20.476746,896.8848,10.43449,226.85123,81.206116
2020-08-07 17:00:00,23.451141,20.436737,897.0385,10.744139,226.64076,83.20186
2020-08-07 18:00:00,23.302917,20.373505,896.88666,11.114016,227.29126,83.622444
2020-08-07 19:00:00,23.149292,20.325867,896.5324,11.482679,228.78189,84.15436
2020-08-07 20:00:00,22.72351,20.197144,896.0748,11.756323,230.7239,85.66811
2020-08-07 21:00:00,22.617798,20.157928,895.6765,11.909582,232.99423,86.01054
2020-08-07 22:00:00,22.366669,20.012115,895.4295,11.057707,235.05524,86.548546
2020-08-07 23:00:00,22.29535,19.969635,895.37054,11.217725,235.41978,86.69649
2020-08-08 00:00:00,22.520508,20.01355,895.45013,11.302431,235.52086,85.75073
2020-08-08 01:00:00,22.641449,20.016327,895.73267,11.340946,235.30179,85.13802
2020-08-08 02:00:00,23.509155,20.196259,896.1521,11.485632,234.9942,81.68892
2020-08-08 03:00:00,23.783478,20.157349,896.4546,12.147649,236.13254,80.157295
2020-08-08 04:00:00,24.046661,20.197296,896.5276,12.650955,237.88058,79.09434
2020-08-08 05:00:00,25.160492,20.340515,896.39514,12.914478,239.72693,74.655495
2020-08-08 06:00:00,25.630737,20.496979,896.0388,13.078057,241.35106,73.30177
2020-08-08 07:00:00,25.70694,20.592987,895.51776,13.1645,242.89163,73.4044
2020-08-08 08:00:00,26.212738,20.65802,894.8911,13.10672,243.93222,71.52515
2020-08-08 09:00:00,26.19931,20.688202,894.3421,12.990994,244.83878,71.715096
2020-08-08 10:00:00,25.858612,20.520111,893.8904,11.2323675,251.52115,72.42132
2020-08-08 11:00:00,25.758575,20.47049,893.76556,10.959129,248.91565,72.62931
2020-08-08 12:00:00,25.636414,20.421417,893.9331,10.818809,244.548,72.9363
2020-08-08 13:00:00,25.417175,20.401794,894.3162,10.872983,240.4013,73.802734
2020-08-08 14:00:00,24.671417,20.448242,894.901,11.0273485,237.00589,77.37868
2020-08-08 15:00:00,24.000854,20.408234,895.4854,11.26794,235.08838,80.352356
2020-08-08 16:00:00,23.86795,20.407684,895.892,11.594763,233.97366,80.993996
2020-08-08 17:00:00,23.267181,20.227295,896.056,12.016186,233.77026,83.0497
2020-08-08 18:00:00,23.109924,20.181335,895.8379,12.501586,234.53564,83.60492
2020-08-08 19:00:00,22.999237,20.15271,895.50024,12.925744,235.99934,84.01781
2020-08-08 20:00:00,22.584015,20.059723,895.033,13.205284,237.37,85.66513
2020-08-08 21:00:00,22.493286,20.064697,894.69885,13.315144,238.88702,86.16498
2020-08-08 22:00:00,22.265686,19.926971,894.3628,11.681616,243.47025,86.623924
2020-08-08 23:00:00,22.200562,19.912354,894.41046,11.837972,242.65332,86.88929
2020-08-09 00:00:00,22.407104,20.039856,894.6635,11.88518,241.70282,86.484375
2020-08-09 01:00:00,22.494232,20.022034,895.0134,11.936815,240.33386,85.93283
2020-08-09 02:00:00,23.377869,20.127472,895.3795,12.133663,238.40628,81.988945
2020-08-09 03:00:00,23.616425,20.18451,895.6398,12.683641,238.18588,81.10364
2020-08-09 04:00:00,23.846771,20.245514,895.7315,13.08913,238.90387,80.28907
2020-08-09 05:00:00,24.875061,20.377197,895.6146,13.268196,239.28415,76.108826
2020-08-09 06:00:00,25.26239,20.489502,895.2764,13.365751,239.2998,74.88943
2020-08-09 07:00:00,25.435272,20.5961,894.8236,13.480157,239.25426,74.61222
2020-08-09 08:00:00,25.909088,20.715546,894.3091,13.494051,238.95084,73.07992
2020-08-09 09:00:00,25.971191,20.761871,893.8293,13.44285,238.8411,73.01965
2020-08-09 10:00:00,25.337708,20.54364,893.29346,12.432314,244.02919,74.80396
2020-08-09 11:00:00,25.189178,20.470062,893.20337,12.306058,242.61163,75.12635
2020-08-09 12:00:00,25.008545,20.412079,893.3236,12.140798,240.78455,75.667984
2020-08-09 13:00:00,24.799072,20.385773,893.69147,11.959221,237.82831,76.49532
2020-08-09 14:00:00,24.150055,20.40271,894.2949,12.020255,235.03055,79.60871
2020-08-09 15:00:00,23.586151,20.34314,894.9171,12.218274,233.09172,82.05198
2020-08-09 16:00:00,23.445282,20.338837,895.35815,12.492029,232.08911,82.72979
2020-08-09 17:00:00,23.032898,20.253418,895.53467,12.833786,231.70004,84.37041
2020-08-09 18:00:00,22.919434,20.179169,895.4302,13.152687,232.19386,84.5629
2020-08-09 19:00:00,22.825928,20.190552,895.1841,13.396434,232.88849,85.10316
2020-08-09 20:00:00,22.511444,20.15326,894.8485,13.541464,233.96477,86.54282
2020-08-09 21:00:00,22.43106,20.165588,894.60236,13.622241,234.90077,87.032875
2020-08-09 22:00:00,22.22287,19.949158,894.54,12.462802,240.4317,86.96943
2020-08-09 23:00:00,22.20166,19.957977,894.5963,12.336785,239.15546,87.12933
2020-08-10 00:00:00,22.364868,20.02478,894.8265,12.244152,237.54434,86.62591
2020-08-10 01:00:00,22.39447,20.009125,895.2009,12.23135,235.63931,86.386345
2020-08-10 02:00:00,22.987091,20.112854,895.63104,12.504136,233.72589,83.87259
2020-08-10 03:00:00,23.290771,20.170013,895.9242,12.995819,232.97235,82.6383
2020-08-10 04:00:00,23.52475,20.21289,896.0653,13.459463,233.65192,81.696144
2020-08-10 05:00:00,24.377563,20.315308,895.9983,13.762525,234.52237,78.10762
2020-08-10 06:00:00,24.885498,20.36557,895.7185,14.001585,235.81955,76.00686
2020-08-10 07:00:00,25.081635,20.470306,895.279,14.117536,237.01883,75.61025
2020-08-10 08:00:00,25.649994,20.480774,894.8092,14.094306,237.82538,73.14495
2020-08-10 09:00:00,25.715729,20.522491,894.40326,13.981592,238.41876,73.04799
2020-08-10 10:00:00,25.310394,20.570526,893.8839,12.429105,243.76935,75.049866
2020-08-10 11:00:00,25.204865,20.497711,893.85944,12.108616,241.51402,75.18433
2020-08-10 12:00:00,25.06131,20.41684,894.0532,11.7942095,239.0182,75.45255
2020-08-10 13:00:00,24.830719,20.421143,894.426,11.529972,235.74576,76.51782
2020-08-10 14:00:00,24.175934,20.488922,894.97076,11.453531,232.71072,79.90912
2020-08-10 15:00:00,23.586151,20.380981,895.4994,11.575539,230.55539,82.2439
2020-08-10 16:00:00,23.463135,20.341797,895.8992,11.855554,229.40297,82.65586
2020-08-10 17:00:00,23.132507,20.285767,896.0798,12.207518,228.98138,84.03139
2020-08-10 18:00:00,23.002014,20.222717,895.96,12.622226,229.5661,84.36802
2020-08-10 19:00:00,22.925629,20.219025,895.633,12.969165,230.78343,84.73972
2020-08-10 20:00:00,22.554932,20.088562,895.2601,13.268026,232.00705,85.9698
2020-08-10 21:00:00,22.40866,20.03769,894.9944,13.471285,233.35397,86.46462
2020-08-10 22:00:00,22.242737,19.95462,894.81445,12.535274,237.71149,86.893684
2020-08-10 23:00:00,22.206238,19.942902,894.9311,12.73483,237.11754,87.02379
2020-08-11 00:00:00,22.36029,19.959473,895.21985,12.844437,237.03467,86.30036
2020-08-11 01:00:00,22.410889,19.98523,895.6755,12.961734,237.1265,86.172615
2020-08-11 02:00:00,23.130615,20.15689,896.09015,13.273856,236.97467,83.37425
2020-08-11 03:00:00,23.414886,20.156738,896.4357,13.951983,237.9469,81.95423
2020-08-11 04:00:00,23.692017,20.16034,896.5815,14.478521,239.4951,80.61468
2020-08-11 05:00:00,24.703644,20.254517,896.52844,14.886166,241.09143,76.3115
2020-08-11 06:00:00,25.157349,20.297058,896.2139,15.143186,242.281,74.46931
2020-08-11 07:00:00,25.281433,20.307587,895.80115,15.319991,243.28952,73.96936
2020-08-11 08:00:00,25.930176,20.229889,895.2832,15.350158,244.08868,70.83444
2020-08-11 09:00:00,25.992157,20.216766,894.81866,15.281429,244.70584,70.517815
2020-08-11 10:00:00,25.552612,20.16159,894.44336,14.070048,247.70941,72.1329
2020-08-11 11:00:00,25.52118,20.135864,894.4416,13.726499,245.57765,72.15281
2020-08-11 12:00:00,25.353241,20.093506,894.6697,13.27801,242.2673,72.685844
2020-08-11 13:00:00,25.123657,20.24646,895.0541,12.898255,238.00717,74.38599
2020-08-11 14:00:00,24.375977,20.269165,895.6749,12.810336,234.91595,77.8927
2020-08-11 15:00:00,23.757782,20.082703,896.3055,12.956272,233.16727,79.91153
2020-08-11 16:00:00,23.644043,20.110779,896.7826,13.165569,232.26889,80.60047
2020-08-11 17:00:00,23.147247,19.994232,896.9531,13.448193,232.3226,82.4564
2020-08-11 18:00:00,23.036163,19.997437,896.70734,13.726831,233.01706,83.028725
2020-08-11 19:00:00,22.887146,19.950531,896.2739,14.0274725,234.22897,83.538124
2020-08-11 20:00:00,22.475952,19.856903,895.79694,14.234201,235.6601,85.15288
2020-08-11 21:00:00,22.320465,19.84372,895.49005,14.314165,236.99594,85.891464
2020-08-11 22:00:00,22.079468,19.700806,895.285,13.959714,240.2669,86.39198
2020-08-11 23:00:00,22.013794,19.667816,895.3364,13.997799,240.03563,86.56114
2020-08-12 00:00:00,22.137604,19.726013,895.4989,13.953042,239.96158,86.22128
2020-08-12 01:00:00,22.224457,19.76477,895.94995,13.898736,239.56363,85.972885
2020-08-12 02:00:00,23.046326,19.93341,896.4378,14.01151,239.2464,82.64932
2020-08-12 03:00:00,23.38205,19.955261,896.86115,14.610264,240.05917,81.0993
2020-08-12 04:00:00,23.654938,19.959229,897.0486,15.062894,241.19867,79.79561
2020-08-12 05:00:00,24.851257,20.039337,897.0168,15.366445,242.31378,74.641815
2020-08-12 06:00:00,25.278625,20.045227,896.6971,15.512997,243.59239,72.79137
2020-08-12 07:00:00,25.453278,20.098907,896.1948,15.579592,244.65132,72.27904
2020-08-12 08:00:00,26.02887,20.093353,895.60547,15.515335,245.77585,69.829834
2020-08-12 09:00:00,26.072968,20.062439,895.1217,15.338309,246.59132,69.51483
2020-08-12 10:00:00,25.573425,19.982239,894.62335,14.557847,250.75119,71.24874
2020-08-12 11:00:00,25.480713,19.911682,894.57007,14.072174,249.76984,71.32973
2020-08-12 12:00:00,25.375,19.891113,894.7404,13.274495,247.74046,71.68788
2020-08-12 13:00:00,25.190308,20.024445,895.0873,12.454033,244.66599,73.08092
2020-08-12 14:00:00,24.369171,20.001343,895.6549,12.03018,241.22449,76.64436
2020-08-12 15:00:00,23.814484,19.95346,896.31366,11.980299,238.68326,79.004745
2020-08-12 16:00:00,23.703674,20.000854,896.8075,12.09976,236.81152,79.7671
2020-08-12 17:00:00,23.158234,19.948883,896.9169,12.286915,235.60507,82.17058
2020-08-12 18:00:00,22.999207,19.909424,896.6524,12.542492,235.26382,82.76224
2020-08-12 19:00:00,22.848633,19.907715,896.158,12.768325,235.3277,83.51149
2020-08-12 20:00:00,22.410065,19.771881,895.6319,12.950996,235.6662,85.045105
2020-08-12 21:00:00,22.292816,19.757416,895.23694,13.046265,236.04355,85.5769
2020-08-12 22:00:00,21.910065,19.528534,894.8831,12.713626,240.81384,86.36036
2020-08-12 23:00:00,21.89273,19.551483,894.7603,12.663341,239.65536,86.57511
2020-08-13 00:00:00,22.005219,19.548187,894.83014,12.567359,238.38586,85.965454
2020-08-13 01:00:00,22.086304,19.593842,895.174,12.475297,236.44955,85.78451
2020-08-13 02:00:00,22.944092,19.751343,895.5318,12.664148,234.38583,82.22908
2020-08-13 03:00:00,23.395569,19.920593,895.8457,13.205041,233.59576,80.85933
2020-08-13 04:00:00,23.67743,19.914703,895.95795,13.669666,233.43546,79.468094
2020-08-13 05:00:00,24.666199,20.016571,895.87256,14.030229,233.66959,75.36516
2020-08-13 06:00:00,25.047943,20.087128,895.419,14.26189,234.3976,73.989784
2020-08-13 07:00:00,25.207,20.141846,894.7495,14.456145,235.24435,73.540596
2020-08-13 08:00:00,25.62915,20.053894,893.94556,14.49705,236.26767,71.329155
2020-08-13 09:00:00,25.667145,20.02832,893.24976,14.370316,237.10088,71.055984
2020-08-13 10:00:00,25.244537,19.859863,892.7338,13.774093,239.64215,72.10662
2020-08-13 11:00:00,25.149689,19.848328,892.54974,13.438241,238.99966,72.463104
2020-08-13 12:00:00,25.008026,19.839691,892.65704,13.0159,237.39111,73.03827
2020-08-13 13:00:00,24.83783,19.894562,893.04315,12.680462,234.7353,74.03492
2020-08-13 14:00:00,24.103912,19.933014,893.61597,12.468094,232.52313,77.54439
2020-08-13 15:00:00,23.553314,19.761871,894.2219,12.45913,230.79463,79.309616
2020-08-13 16:00:00,23.413208,19.75299,894.6096,12.591143,229.43013,79.93848
2020-08-13 17:00:00,22.959808,19.726257,894.785,12.875197,228.90211,82.02315
2020-08-13 18:00:00,22.775482,19.6893,894.64026,13.145575,229.29176,82.75421
2020-08-13 19:00:00,22.69043,19.71408,894.3304,13.405278,230.2011,83.31014
2020-08-13 20:00:00,22.300934,19.569855,893.9055,13.547821,230.92415,84.54464
2020-08-13 21:00:00,22.122284,19.521881,893.55774,13.580449,231.40166,85.214874
2020-08-13 22:00:00,21.899292,19.464172,893.34924,12.578394,234.58601,86.072174
2020-08-13 23:00:00,21.855682,19.462646,893.3222,12.5492325,232.48247,86.29343
2020-08-14 00:00:00,21.996674,19.489594,893.5301,12.543142,230.77673,85.69769
2020-08-14 01:00:00,22.04535,19.480713,894.0143,12.597522,228.92728,85.39658
2020-08-14 02:00:00,22.91452,19.720703,894.50446,12.8655205,227.54758,82.22004
2020-08-14 03:00:00,23.26773,19.792908,894.9059,13.281736,227.12062,80.8435
2020-08-14 04:00:00,23.526245,19.78949,895.04236,13.672453,227.38968,79.57531
2020-08-14 05:00:00,24.598846,19.846313,894.9495,14.029527,228.05728,74.87546
2020-08-14 06:00:00,25.066101,19.904846,894.5853,14.355853,229.33452,73.08034
2020-08-14 07:00:00,25.237427,19.942352,893.98517,14.52725,230.89183,72.50673
2020-08-14 08:00:00,25.718048,19.959534,893.37256,14.563751,232.3122,70.54071
2020-08-14 09:00:00,25.738617,19.906342,892.8217,14.454277,233.66798,70.22296
2020-08-14 10:00:00,25.179993,19.674408,892.3385,13.589362,236.65385,71.55638
2020-08-14 11:00:00,25.056702,19.608551,892.209,13.28808,236.21701,71.78976
2020-08-14 12:00:00,24.983337,19.630646,892.37494,12.94084,234.40907,72.20341
2020-08-14 13:00:00,24.708435,19.663605,892.8039,12.71373,230.90137,73.54829
2020-08-14 14:00:00,24.08432,19.74121,893.38086,12.655503,227.75237,76.71807
2020-08-14 15:00:00,23.544098,19.710175,893.96515,12.652456,225.22339,79.09959
2020-08-14 16:00:00,23.4122,19.705109,894.3448,12.769484,223.43504,79.706215
2020-08-14 17:00:00,22.92511,19.687164,894.47406,13.008053,222.46007,81.99648
2020-08-14 18:00:00,22.80719,19.75058,894.28284,13.281741,222.74092,82.90992
2020-08-14 19:00:00,22.703156,19.747223,893.868,13.474157,223.42079,83.4172
2020-08-14 20:00:00,22.246307,19.62149,893.3825,13.645469,224.23318,85.09861
2020-08-14 21:00:00,22.1221,19.585663,893.0414,13.720639,224.98611,85.55413
2020-08-14 22:00:00,21.811523,19.397095,892.8923,13.111183,226.75066,86.174416
2020-08-14 23:00:00,21.74826,19.36914,893.0477,13.124404,226.51555,86.35778
2020-08-15 00:00:00,21.892944,19.386688,893.2818,13.093837,225.84,85.69164
2020-08-15 01:00:00,21.925354,19.361633,893.82196,13.058059,225.0066,85.38917
2020-08-15 02:00:00,22.716248,19.595795,894.40436,13.281759,223.83858,82.57129
2020-08-15 03:00:00,23.056702,19.681,894.8664,13.7305765,223.62553,81.31489
2020-08-15 04:00:00,23.325226,19.741882,895.0076,14.162647,224.33958,80.30874
2020-08-15 05:00:00,24.427063,19.766266,894.9283,14.46857,225.75098,75.27454
2020-08-15 06:00:00,24.874268,19.829437,894.59143,14.72842,227.23866,73.57653
2020-08-15 07:00:00,25.026184,19.836578,894.1552,14.816678,228.73155,72.94515
2020-08-15 08:00:00,25.423553,19.68872,893.7046,14.784847,229.92146,70.58979
2020-08-15 09:00:00,25.448975,19.60788,893.37476,14.63052,231.16403,70.13037
2020-08-15 10:00:00,25.09732,19.463135,892.9997,13.914272,235.0502,70.972115
2020-08-15 11:00:00,25.039215,19.503296,893.0334,13.5584545,234.5106,71.39629
2020-08-15 12:00:00,24.926147,19.513092,893.3331,13.031933,232.97145,71.92302
2020-08-15 13:00:00,24.722778,19.5513,893.8604,12.481369,230.32277,72.97462
2020-08-15 14:00:00,24.023895,19.717438,894.53674,12.203663,227.71025,76.883446
2020-08-15 15:00:00,23.409485,19.550964,895.16943,12.152885,225.92151,78.96
2020-08-15 16:00:00,23.271057,19.5354,895.5502,12.256491,224.7916,79.54563
2020-08-15 17:00:00,22.798462,19.539581,895.6412,12.476143,224.68202,81.87433
2020-08-15 18:00:00,22.640778,19.511383,895.38275,12.713028,225.26921,82.5164
2020-08-15 19:00:00,22.51538,19.499176,894.9975,12.941736,226.59535,83.083954
2020-08-15 20:00:00,22.139954,19.465118,894.6116,13.036617,227.87477,84.823425
2020-08-15 21:00:00,22.028809,19.449768,894.3421,12.994447,229.19168,85.31846
2020-08-15 22:00:00,21.678375,19.266693,894.2081,12.3641205,231.52226,86.1762
2020-08-15 23:00:00,21.654846,19.271667,894.2673,12.367295,230.97185,86.326965
2020-08-16 00:00:00,21.776215,19.338654,894.4528,12.296921,230.56918,86.04706
2020-08-16 01:00:00,21.859375,19.295685,894.87726,12.19883,230.06433,85.38256
2020-08-16 02:00:00,22.67749,19.526642,895.4166,12.3048525,229.8605,82.41088
2020-08-16 03:00:00,23.033997,19.41861,895.8259,12.5085745,230.25224,80.11012
2020-08-16 04:00:00,23.294556,19.393524,895.9347,12.713723,231.44363,78.73534
2020-08-16 05:00:00,24.3555,19.43518,895.77826,12.753515,232.96664,74.05948
2020-08-16 06:00:00,24.81543,19.508972,895.4433,12.810045,234.57,72.38132
2020-08-16 07:00:00,25.003113,19.59076,894.9738,12.809339,236.3456,71.939926
2020-08-16 08:00:00,25.488495,19.467957,894.4221,12.763934,237.83157,69.36034
2020-08-16 09:00:00,25.530334,19.374786,893.96533,12.665085,239.30092,68.78846
2020-08-16 10:00:00,25.0943,19.14328,893.6043,12.016997,241.92976,69.58571
2020-08-16 11:00:00,25.03952,19.08078,893.60834,11.684725,241.47394,69.54181
2020-08-16 12:00:00,24.933563,19.030457,893.8826,11.303315,239.25928,69.76332
2020-08-16 13:00:00,24.711609,19.050629,894.36505,11.031105,235.33203,70.782845
2020-08-16 14:00:00,23.96466,19.280762,894.9821,10.928656,232.15288,75.09177
2020-08-16 15:00:00,23.322998,19.031464,895.5603,10.979108,229.72057,76.847626
2020-08-16 16:00:00,23.175812,19.036133,895.9816,11.219942,228.05013,77.55655
2020-08-16 17:00:00,22.696808,18.991486,896.1127,11.540853,227.24475,79.6169
2020-08-16 18:00:00,22.52066,19.011078,895.9524,11.876878,227.2485,80.57117
2020-08-16 19:00:00,22.38211,19.012665,895.60297,12.177425,227.60732,81.26048
2020-08-16 20:00:00,21.832489,18.840088,895.1775,12.380147,228.43997,83.12759
2020-08-16 21:00:00,21.731293,18.82666,894.8038,12.469449,229.19994,83.57286
2020-08-16 22:00:00,21.452118,18.687988,894.7326,11.440031,232.995,84.27863
2020-08-16 23:00:00,21.368011,18.658722,894.7115,11.577589,231.4658,84.55902
2020-08-17 00:00:00,21.52002,18.696564,894.9316,11.632396,230.26562,83.97404
2020-08-17 01:00:00,21.65976,18.721313,895.36755,11.566999,229.07288,83.38826
2020-08-17 02:00:00,22.774628,19.03305,895.8054,11.720636,227.81944,79.447784
2020-08-17 03:00:00,23.1268,18.91092,896.1535,11.927888,227.95169,77.181305
2020-08-17 04:00:00,23.424988,18.83728,896.27057,11.980479,228.73528,75.45598
2020-08-17 05:00:00,24.566437,18.658173,896.1953,11.929042,229.76158,69.6711
2020-08-17 06:00:00,25.009735,18.687622,895.8889,11.968318,230.88547,67.976036
2020-08-17 07:00:00,25.210632,18.737823,895.3463,11.983699,231.85735,67.37846
2020-08-17 08:00:00,25.92694,18.593811,894.7363,11.965314,233.07503,63.99413
2020-08-17 09:00:00,25.98294,18.592438,894.1114,11.825258,233.97412,63.77685
2020-08-17 10:00:00,25.652832,18.342682,893.6236,10.970406,239.81683,64.02721
2020-08-17 11:00:00,25.586487,18.367828,893.5678,10.703788,237.47359,64.38123
2020-08-17 12:00:00,25.43335,18.422272,893.6866,10.511424,232.79657,65.19156
2020-08-17 13:00:00,25.203796,18.648834,894.17847,10.311074,228.38835,67.03185
2020-08-17 14:00:00,24.411316,18.771667,894.80414,10.28737,224.72002,70.82169
2020-08-17 15:00:00,23.615753,18.669495,895.54083,10.44753,221.70012,73.815
2020-08-17 16:00:00,23.492737,18.707855,896.0442,10.809953,219.75198,74.54291
2020-08-17 17:00:00,22.898132,18.795197,896.2389,11.209881,218.76024,77.69322
2020-08-17 18:00:00,22.656097,18.806519,896.10974,11.618141,219.34459,78.89743
2020-08-17 19:00:00,22.486115,18.822998,895.8036,11.925249,220.46268,79.79804
2020-08-17 20:00:00,21.939026,18.743011,895.4471,12.163461,221.85583,82.08937
2020-08-17 21:00:00,21.781189,18.703674,895.1284,12.2643385,223.15753,82.68055
2020-08-17 22:00:00,21.467499,18.57193,895.00665,11.642781,225.2889,83.59017
2020-08-17 23:00:00,21.390045,18.536774,895.04266,11.743407,225.17787,83.80299
2020-08-18 00:00:00,21.562897,18.638794,895.247,11.918574,225.04836,83.451965
2020-08-18 01:00:00,21.757233,18.694763,895.6485,12.042708,225.0926,82.755516
2020-08-18 02:00:00,22.926666,18.823975,896.1521,12.437163,225.16917,77.69866
2020-08-18 03:00:00,23.300537,18.723175,896.5602,13.037324,226.53561,75.48473
2020-08-18 04:00:00,23.593353,18.79306,896.67633,13.435332,229.2,74.487854
2020-08-18 05:00:00,24.884674,18.71402,896.5413,13.553899,231.53874,68.59812
2020-08-18 06:00:00,25.324402,18.76242,896.1248,13.500434,233.435,67.02684
2020-08-18 07:00:00,25.500336,18.814789,895.585,13.431871,235.07825,66.54699
2020-08-18 08:00:00,26.045013,18.72815,894.9592,13.289361,236.5821,64.084694
2020-08-18 09:00:00,26.10321,18.722565,894.3996,13.005508,237.8595,63.84217
2020-08-18 10:00:00,25.51593,18.89743,893.8437,12.2851925,239.54355,66.82939
2020-08-18 11:00:00,25.456665,18.821838,893.6668,11.969597,238.21146,66.74926
2020-08-18 12:00:00,25.304169,18.955933,893.8141,11.585756,234.60617,67.92351
2020-08-18 13:00:00,25.07544,19.039886,894.281,11.150654,231.248,69.21636
2020-08-18 14:00:00,24.244232,19.09314,894.8574,10.9463825,228.32751,72.98417
2020-08-18 15:00:00,23.440308,19.028137,895.5045,10.88703,226.56421,76.28968
2020-08-18 16:00:00,23.285828,19.082153,895.8925,10.953232,225.39076,77.264145
2020-08-18 17:00:00,22.743347,19.05896,896.0471,11.067142,224.79135,79.72732
2020-08-18 18:00:00,22.579407,19.074768,895.83704,11.219114,225.28297,80.60377
2020-08-18 19:00:00,22.419037,19.03778,895.49005,11.388888,226.16916,81.20538
2020-08-18 20:00:00,21.91977,18.927124,895.011,11.458126,227.18214,83.13649
2020-08-18 21:00:00,21.794342,18.906769,894.5753,11.486661,227.84663,83.669106
2020-08-18 22:00:00,21.457642,18.753601,894.2196,10.926429,229.88354,84.59643
2020-08-18 23:00:00,21.40689,18.748627,894.1107,11.061477,228.67282,84.8334
2020-08-19 00:00:00,21.624207,18.848785,894.23346,11.078055,228.06992,84.23802
2020-08-19 01:00:00,21.78653,18.924072,894.5998,10.999033,227.20697,83.79951
2020-08-19 02:00:00,22.89444,19.12024,895.0067,11.089765,225.37325,79.302986
2020-08-19 03:00:00,23.207825,19.008698,895.3783,11.517729,224.93579,77.27428
2020-08-19 04:00:00,23.429626,19.043518,895.48315,11.803429,225.56233,76.41211
2020-08-19 05:00:00,24.548187,18.960022,895.4038,11.924786,226.50879,71.074974
2020-08-19 06:00:00,24.979065,18.965424,895.0457,12.009556,227.67154,69.29252
2020-08-19 07:00:00,25.134521,18.977997,894.5823,12.149429,228.98753,68.7074
2020-08-19 08:00:00,25.539429,18.902313,893.9676,12.155231,230.27782,66.75653
2020-08-19 09:00:00,25.65561,18.908875,893.467,12.065775,230.83926,66.32494
2020-08-19 10:00:00,25.288147,18.862305,892.9939,11.235713,235.9737,67.59203
2020-08-19 11:00:00,25.209198,18.847198,893.01135,10.89189,233.50195,67.84632
2020-08-19 12:00:00,25.051514,19.075104,893.1898,10.469148,231.2326,69.46751
2020-08-19 13:00:00,24.80841,19.113617,893.57983,9.9749155,227.77333,70.65168
2020-08-19 14:00:00,23.84439,19.054047,894.10956,9.727772,224.2533,74.57574
2020-08-19 15:00:00,23.30075,19.143738,894.8211,9.782143,221.22559,77.491455
2020-08-19 16:00:00,23.18341,19.226715,895.34235,9.945604,218.76149,78.44715
2020-08-19 17:00:00,22.63208,19.121185,895.60706,10.206566,217.34732,80.579254
2020-08-19 18:00:00,22.46164,19.128265,895.411,10.510374,216.98497,81.45359
2020-08-19 19:00:00,22.36261,19.13742,895.08417,10.782515,217.08392,81.99217
2020-08-19 20:00:00,21.874573,19.035126,894.70544,10.9953785,217.26042,83.929756
2020-08-19 21:00:00,21.76538,19.000702,894.3762,11.093726,217.40158,84.31
2020-08-19 22:00:00,21.511414,18.899994,894.30963,10.699882,220.78824,85.09299
2020-08-19 23:00:00,21.454987,18.888763,894.1895,10.708333,219.63496,85.32761
2020-08-20 00:00:00,21.601593,18.954346,894.2704,10.693021,218.8428,84.912384
2020-08-20 01:00:00,21.662872,18.946564,894.62744,10.711219,217.64253,84.55372
2020-08-20 02:00:00,22.670258,19.166718,895.1538,11.061062,215.38185,80.62125
2020-08-20 03:00:00,22.996277,19.178894,895.6454,11.784737,214.66824,79.104095
2020-08-20 04:00:00,23.296234,19.203888,895.9052,12.173975,215.83467,77.80359
2020-08-20 05:00:00,24.43637,19.28302,895.901,12.276389,217.352,73.00724
2020-08-20 06:00:00,24.798584,19.31778,895.61017,12.299418,218.96982,71.59777
2020-08-20 07:00:00,24.978546,19.397736,895.137,12.237617,220.27333,71.18628
2020-08-20 08:00:00,25.458954,19.513397,894.6144,12.054063,221.73943,69.678665
2020-08-20 09:00:00,25.438995,19.418762,894.15466,11.782183,222.4974,69.35218
2020-08-20 10:00:00,24.845154,19.53592,893.75244,11.062545,227.72598,72.374054
2020-08-20 11:00:00,24.73349,19.51059,893.77594,10.560736,227.40054,72.743706
2020-08-20 12:00:00,24.592285,19.571411,894.0885,9.847421,226.05888,73.638
2020-08-20 13:00:00,24.404633,19.68689,894.6312,9.381014,222.98364,75.00548
2020-08-20 14:00:00,23.552795,19.479645,895.3086,9.100561,220.42033,77.93438
2020-08-20 15:00:00,23.05246,19.500275,896.04047,8.978686,217.86072,80.42798
2020-08-20 16:00:00,22.912354,19.519257,896.55096,9.048193,215.58498,81.20868
2020-08-20 17:00:00,22.557861,19.464172,896.85736,9.271011,213.976,82.6898
2020-08-20 18:00:00,22.433685,19.44223,896.7989,9.539868,213.81361,83.202385
2020-08-20 19:00:00,22.346771,19.469696,896.55365,9.754254,213.79874,83.78616
2020-08-20 20:00:00,22.010834,19.421814,896.2593,9.87623,213.94557,85.2637
2020-08-20 21:00:00,21.932129,19.425262,896.0401,9.85194,214.20474,85.69233
2020-08-20 22:00:00,21.762482,19.36145,896.1593,9.138068,216.94363,86.2415
2020-08-20 23:00:00,21.766174,19.376556,896.33484,9.111281,216.0546,86.3031
2020-08-21 00:00:00,21.859863,19.436157,896.6741,9.052613,214.9424,86.12942
2020-08-21 01:00:00,21.891449,19.399536,897.174,9.147375,214.00438,85.768005
2020-08-21 02:00:00,22.650085,19.573761,897.68835,9.558277,213.543,82.79001
2020-08-21 03:00:00,22.96283,19.510101,898.062,10.035978,214.42912,80.91481
2020-08-21 04:00:00,23.202301,19.488373,898.2342,10.395411,216.41786,79.64366
2020-08-21 05:00:00,24.32248,19.6893,898.2404,10.578351,218.27837,75.386795
2020-08-21 06:00:00,24.741516,19.760254,898.03595,10.652175,219.71991,73.84459
2020-08-21 07:00:00,24.899933,19.804932,897.50916,10.608115,220.86255,73.352425
2020-08-21 08:00:00,25.439514,19.7836,896.808,10.452265,222.03981,70.93913
2020-08-21 09:00:00,25.452026,19.78537,896.2078,10.2301445,222.83905,70.89418
2020-08-21 10:00:00,24.893585,19.876892,895.8231,9.601716,228.3558,73.70827
2020-08-21 11:00:00,24.741394,19.828156,895.7785,8.9845295,227.7146,74.15668
2020-08-21 12:00:00,24.612946,19.820343,895.8931,8.437912,225.4171,74.69199
2020-08-21 13:00:00,24.424011,19.80597,896.2484,8.2041445,221.84608,75.47391
2020-08-21 14:00:00,23.760162,19.834747,896.7807,8.157642,218.63687,78.6825
2020-08-21 15:00:00,23.079407,19.676514,897.36163,8.173427,216.11473,81.18069
2020-08-21 16:00:00,22.936432,19.68332,897.815,8.312429,214.56279,81.920746
2020-08-21 17:00:00,22.559906,19.656525,898.0296,8.541425,214.263,83.67335
2020-08-21 18:00:00,22.415466,19.633484,897.9881,8.78165,215.17001,84.29021
2020-08-21 19:00:00,22.312805,19.62378,897.6658,8.959647,217.17845,84.767
2020-08-21 20:00:00,21.970978,19.526917,897.2647,9.048367,219.28185,86.031395
2020-08-21 21:00:00,21.841858,19.487,896.9149,9.061439,221.15538,86.4971
2020-08-21 22:00:00,21.647583,19.38382,896.8847,8.792419,227.43906,86.97015
2020-08-21 23:00:00,21.599213,19.367432,896.99304,8.767128,227.32379,87.13894
2020-08-22 00:00:00,21.754974,19.444977,897.2463,8.714468,227.64409,86.73044
2020-08-22 01:00:00,21.831085,19.480194,897.70087,8.778294,227.77527,86.51742
2020-08-22 02:00:00,22.674957,19.546875,898.2061,9.013679,228.115,82.52724
2020-08-22 03:00:00,23.028168,19.566254,898.5574,9.38566,228.84895,80.877144
2020-08-22 04:00:00,23.295502,19.57788,898.7333,9.81104,230.6224,79.638176
2020-08-22 05:00:00,24.312836,19.620453,898.66974,10.109604,233.00427,75.1087
2020-08-22 06:00:00,24.82306,19.586609,898.3899,10.287697,235.14221,72.69814
2020-08-22 07:00:00,25.032867,19.652557,897.78284,10.431514,237.2356,72.08851
2020-08-22 08:00:00,25.51361,19.578918,897.11115,10.455431,238.97818,69.73606
2020-08-22 09:00:00,25.537811,19.600433,896.4618,10.283705,240.43668,69.72903
2020-08-22 10:00:00,25.030457,19.470367,895.88513,9.878051,246.75519,71.2875
2020-08-22 11:00:00,24.952118,19.447449,895.8778,9.216919,245.83562,71.51932
2020-08-22 12:00:00,24.727997,19.347717,895.99786,8.572736,242.57745,72.03436
2020-08-22 13:00:00,24.500122,19.313507,896.30865,8.270367,236.63817,72.867294
2020-08-22 14:00:00,23.71167,19.465698,896.8567,8.2778225,231.64938,77.12524
2020-08-22 15:00:00,23.034973,19.340546,897.45435,8.33596,227.7374,79.717354
2020-08-22 16:00:00,22.94989,19.336853,897.8842,8.566626,224.82993,80.11053
2020-08-22 17:00:00,22.46289,19.254578,898.0686,8.931749,222.90733,82.090775
2020-08-22 18:00:00,22.3367,19.232452,897.97675,9.310812,222.68195,82.60911
2020-08-22 19:00:00,22.21521,19.218292,897.67975,9.602473,223.42021,83.14873
2020-08-22 20:00:00,21.7742,19.060303,897.2342,9.766464,224.51224,84.57843
2020-08-22 21:00:00,21.603333,19.053986,896.8122,9.837591,225.67621,85.43272
2020-08-22 22:00:00,21.308624,18.866028,896.69653,9.378746,228.68462,85.97403
2020-08-22 23:00:00,21.259583,18.8414,896.7444,9.52985,228.97388,86.10037
2020-08-23 00:00:00,21.42044,18.872223,896.97144,9.5651245,229.37756,85.42005
2020-08-23 01:00:00,21.462524,18.864044,897.3826,9.57177,229.41621,85.15669
2020-08-23 02:00:00,22.336975,19.019379,897.8378,9.685167,229.48222,81.51796
2020-08-23 03:00:00,22.826294,19.06665,898.1918,10.028866,229.78015,79.365486
2020-08-23 04:00:00,23.161926,19.09607,898.3169,10.397813,231.74832,77.91229
2020-08-23 05:00:00,24.44931,19.093414,898.2156,10.598216,234.42435,72.09412
2020-08-23 06:00:00,24.91333,19.108948,897.8572,10.788875,237.35388,70.190216
2020-08-23 07:00:00,25.081512,19.125,897.31323,10.876015,240.31682,69.55948
2020-08-23 08:00:00,25.743774,19.000702,896.69617,10.7830305,242.82498,66.358185
2020-08-23 09:00:00,25.750488,18.94629,896.0807,10.564767,244.9683,66.10696
2020-08-23 10:00:00,25.25827,18.869324,895.5657,9.638006,252.35464,67.742004
2020-08-23 11:00:00,25.168549,18.837677,895.5248,9.080436,250.23314,67.97029
2020-08-23 12:00:00,25.045776,18.805206,895.75885,8.512793,246.31668,68.3305
2020-08-23 13:00:00,24.781616,18.754425,896.2248,8.289591,242.03044,69.19598
2020-08-23 14:00:00,23.948456,19.108673,896.8313,8.196024,238.13081,74.363495
2020-08-23 15:00:00,23.2641,18.871979,897.4677,8.228217,235.07846,76.357666
2020-08-23 16:00:00,23.06723,18.806305,897.9572,8.381678,233.16476,76.95544
2020-08-23 17:00:00,22.520905,18.732239,898.1687,8.638952,231.93723,79.17924
2020-08-23 18:00:00,22.396729,18.771515,898.0341,8.916248,231.90945,79.975044
2020-08-23 19:00:00,22.268616,18.746948,897.70874,9.133348,232.53384,80.477066
2020-08-23 20:00:00,21.799347,18.651703,897.31665,9.270581,233.03539,82.32091
2020-08-23 21:00:00,21.670715,18.631866,897.03326,9.322384,233.53342,82.867584
2020-08-23 22:00:00,21.329193,18.448425,896.88495,9.23943,238.13756,83.651955
2020-08-23 23:00:00,21.25882,18.41394,896.9613,9.112204,236.32274,83.832306
2020-08-24 00:00:00,21.486176,18.45166,897.1516,8.9911175,235.164,82.868225
2020-08-24 01:00:00,21.626495,18.498688,897.5262,8.922545,234.07434,82.40216
2020-08-24 02:00:00,22.8667,18.703796,897.97174,8.867494,233.22388,77.39787
2020-08-24 03:00:00,23.303131,18.699005,898.26166,9.191221,233.39456,75.35897
2020-08-24 04:00:00,23.622864,18.747467,898.3484,9.547672,234.85553,74.14397
2020-08-24 05:00:00,24.81784,18.750702,898.2095,9.740371,237.73427,69.03042
2020-08-24 06:00:00,25.359955,18.8284,897.86127,9.875816,240.40671,67.16159
2020-08-24 07:00:00,25.54953,18.872498,897.3279,9.98403,242.91234,66.59245
2020-08-24 08:00:00,26.183899,18.757782,896.8153,9.946148,245.12201,63.678383
2020-08-24 09:00:00,26.21167,18.740448,896.3382,9.714165,247.04526,63.505142
2020-08-24 10:00:00,25.675995,18.572266,895.89954,9.199639,252.80734,64.86551
2020-08-24 11:00:00,25.575378,18.552277,895.9799,8.419879,251.04736,65.17237
2020-08-24 12:00:00,25.367401,18.624084,896.1632,7.7550135,246.71268,66.27989
2020-08-24 13:00:00,25.098633,18.601654,896.6708,7.346665,242.27115,67.254196
2020-08-24 14:00:00,24.155975,18.751404,897.34595,7.2454023,237.83997,71.823
2020-08-24 15:00:00,23.469177,18.67218,898.0274,7.2782464,234.12027,74.48255
2020-08-24 16:00:00,23.31128,18.709412,898.43823,7.457375,231.03647,75.370926
2020-08-24 17:00:00,22.67691,18.755096,898.5824,7.7285614,228.93652,78.545044
2020-08-24 18:00:00,22.471466,18.734436,898.42896,8.054224,228.66893,79.42832
2020-08-24 19:00:00,22.319397,18.724548,898.1014,8.334868,229.19403,80.11653
2020-08-24 20:00:00,21.765198,18.530975,897.7193,8.569567,230.1256,81.871895
2020-08-24 21:00:00,21.676697,18.514374,897.43274,8.65603,231.15488,82.23035
2020-08-24 22:00:00,21.381958,18.328583,897.4151,8.023606,236.99911,82.75793
2020-08-24 23:00:00,21.336884,18.30243,897.4977,8.035418,235.92636,82.85087
2020-08-25 00:00:00,21.548462,18.369324,897.8682,8.005494,234.489,82.128075
2020-08-25 01:00:00,21.789001,18.551147,898.3858,8.054374,234.01349,81.85626
2020-08-25 02:00:00,23.182465,18.834473,898.9281,8.237718,233.22171,76.55572
2020-08-25 03:00:00,23.576721,18.767761,899.2743,8.823083,233.73322,74.444756
2020-08-25 04:00:00,23.888306,18.756836,899.40625,9.25958,235.20488,73.01174
2020-08-25 05:00:00,25.218018,18.714478,899.2598,9.519886,237.4493,67.25064
2020-08-25 06:00:00,25.700317,18.683258,898.8859,9.734606,239.55252,65.22331
2020-08-25 07:00:00,25.843384,18.690613,898.4227,9.909309,241.40942,64.70225
2020-08-25 08:00:00,26.381287,18.674957,897.81866,9.975376,243.38263,62.61534
2020-08-25 09:00:00,26.373962,18.627838,897.37604,9.904681,244.88675,62.458057
2020-08-25 10:00:00,25.731567,18.593231,896.95557,9.097608,250.6229,64.73694
2020-08-25 11:00:00,25.654785,18.509216,897.01227,8.6352215,248.2201,64.69133
2020-08-25 12:00:00,25.546265,18.853973,897.2143,8.087915,244.0645,66.52833
2020-08-25 13:00:00,25.28186,18.841187,897.6259,7.7508335,239.8139,67.52821
2020-08-25 14:00:00,24.394836,18.953583,898.23914,7.67434,236.01895,71.70155
2020-08-25 15:00:00,23.57547,18.972778,898.9025,7.702913,233.07535,75.40964
2020-08-25 16:00:00,23.413116,19.046875,899.3025,7.834637,230.90541,76.50429
2020-08-25 17:00:00,22.792847,18.93985,899.4213,8.069344,229.89194,78.89994
2020-08-25 18:00:00,22.650116,19.022522,899.2576,8.32554,230.1052,79.99751
2020-08-25 19:00:00,22.525208,19.037811,898.94525,8.58275,230.77368,80.68332
2020-08-25 20:00:00,21.94107,18.855621,898.5198,8.74724,231.44809,82.65866
2020-08-25 21:00:00,21.830322,18.831543,898.1669,8.8437395,232.07167,83.0942
2020-08-25 22:00:00,21.427917,18.571533,897.9906,8.07145,240.04851,83.79093
2020-08-25 23:00:00,21.386353,18.551025,898.06165,8.113029,238.03409,83.89677
2020-08-26 00:00:00,21.605621,18.651428,898.3482,8.14612,235.95544,83.29996
2020-08-26 01:00:00,21.73053,18.716797,898.7952,8.22143,234.03958,83.00491
2020-08-26 02:00:00,23.004913,18.978088,899.2562,8.487225,231.8789,78.07911
2020-08-26 03:00:00,23.384308,18.935364,899.5196,9.26811,231.59497,76.10609
2020-08-26 04:00:00,23.625122,18.922485,899.59204,9.810568,232.186,74.94877
2020-08-26 05:00:00,24.781342,18.966858,899.42236,10.09826,233.24033,70.12126
2020-08-26 06:00:00,25.263336,19.010681,898.9955,10.308508,234.39226,68.3217
2020-08-26 07:00:00,25.392395,19.07611,898.34875,10.518167,235.40744,68.07648
2020-08-26 08:00:00,25.771912,19.097504,897.6912,10.629566,236.49469,66.648705
2020-08-26 09:00:00,25.762085,19.141083,897.1075,10.667034,237.589,66.868904
2020-08-26 10:00:00,25.096863,18.987854,896.66174,9.569605,241.20111,68.90407
2020-08-26 11:00:00,25.016022,19.005615,896.6063,9.298742,239.21533,69.31362
2020-08-26 12:00:00,24.86856,19.230804,896.8229,8.855646,236.55096,70.914314
2020-08-26 13:00:00,24.610352,19.19165,897.27484,8.505317,233.46333,71.84124
2020-08-26 14:00:00,23.809662,19.24945,897.8416,8.425688,230.91725,75.647194
2020-08-26 15:00:00,23.235992,19.29712,898.49445,8.527382,229.37851,78.541824
2020-08-26 16:00:00,23.105804,19.29123,898.9093,8.717718,228.45924,79.13329
2020-08-26 17:00:00,22.57071,19.182892,898.9958,8.946835,228.68886,81.19162
2020-08-26 18:00:00,22.437744,19.19812,898.79407,9.23703,229.72954,81.927765
2020-08-26 19:00:00,22.361023,19.235168,898.36163,9.478679,231.2425,82.50093
2020-08-26 20:00:00,21.944641,19.144226,897.90283,9.6392355,233.0784,84.14202
2020-08-26 21:00:00,21.842682,19.10785,897.46075,9.644101,234.76968,84.4755
2020-08-26 22:00:00,21.5242,18.938477,897.39874,9.061165,242.63614,85.23094
2020-08-26 23:00:00,21.48645,18.929047,897.3301,8.900441,241.78009,85.37782
2020-08-27 00:00:00,21.63733,18.959503,897.45135,8.787987,240.6409,84.75428
2020-08-27 01:00:00,21.723633,18.990387,897.7765,8.768857,239.56586,84.47095
2020-08-27 02:00:00,22.763794,19.21875,898.1947,9.1255455,237.26208,80.42542
2020-08-27 03:00:00,23.049194,19.190918,898.50165,9.886095,237.15216,78.910286
2020-08-27 04:00:00,23.307892,19.16037,898.5987,10.316465,238.98349,77.53834
2020-08-27 05:00:00,24.459229,19.264435,898.39545,10.604135,240.63266,72.82308
2020-08-27 06:00:00,24.89917,19.295227,897.91187,10.787919,242.01778,71.06938
2020-08-27 07:00:00,25.013489,19.359833,897.22046,10.950077,243.18091,70.87081
2020-08-27 08:00:00,25.552979,19.486664,896.51733,11.0187645,244.20209,69.17556
2020-08-27 09:00:00,25.612335,19.549072,895.9359,11.021254,244.58081,69.200096
2020-08-27 10:00:00,24.882355,19.46399,895.3912,10.115978,248.58038,71.89149
2020-08-27 11:00:00,24.738403,19.46872,895.2877,9.799335,246.89737,72.53335
2020-08-27 12:00:00,24.600037,19.511139,895.4185,9.269508,244.76495,73.32876
2020-08-27 13:00:00,24.37619,19.601898,895.8008,8.766235,241.13036,74.73798
2020-08-27 14:00:00,23.538452,19.503967,896.3502,8.513209,237.90698,78.11979
2020-08-27 15:00:00,23.030914,19.46054,896.9895,8.469961,235.251,80.33424
2020-08-27 16:00:00,22.908386,19.498413,897.35986,8.604308,233.40112,81.123055
2020-08-27 17:00:00,22.42041,19.363922,897.3694,8.851432,232.60028,82.86499
2020-08-27 18:00:00,22.313995,19.379028,897.094,9.148305,232.69327,83.481384
2020-08-27 19:00:00,22.233948,19.393799,896.6464,9.417949,234.16501,83.96614
2020-08-27 20:00:00,21.759338,19.266418,896.1618,9.54997,235.65906,85.74941
2020-08-27 21:00:00,21.643951,19.213013,895.74963,9.564974,237.00586,86.06957
2020-08-27 22:00:00,21.388947,19.080353,895.5867,9.289131,246.7879,86.70367
2020-08-27 23:00:00,21.391785,19.09079,895.5642,8.97209,245.61241,86.745
2020-08-28 00:00:00,21.606781,19.188751,895.7397,8.813542,244.44598,86.13517
2020-08-28 01:00:00,21.700226,19.166046,896.2447,8.8103695,242.89896,85.5234
2020-08-28 02:00:00,22.381073,19.232635,896.7824,9.205558,240.5567,82.38742
2020-08-28 03:00:00,22.75415,19.21991,897.23267,9.924507,240.12946,80.47827
2020-08-28 04:00:00,23.082367,19.28833,897.3446,10.40476,241.00366,79.231255
2020-08-28 05:00:00,24.133057,19.338348,897.2606,10.748163,241.79646,74.603165
2020-08-28 06:00:00,24.66269,19.369446,896.85,11.043603,242.30165,72.413864
2020-08-28 07:00:00,24.791656,19.418793,896.29346,11.232723,242.82288,72.07894
2020-08-28 08:00:00,25.249023,19.444336,895.5979,11.3056135,243.49721,70.25174
2020-08-28 09:00:00,25.268097,19.412872,894.9461,11.251738,244.32654,70.0349
2020-08-28 10:00:00,24.69336,19.395721,894.5305,10.677146,250.82092,72.39945
2020-08-28 11:00:00,24.574677,19.325348,894.5634,10.123162,250.03738,72.59648
2020-08-28 12:00:00,24.371307,19.319641,894.82947,9.290937,248.1554,73.45951
2020-08-28 13:00:00,24.148071,19.28543,895.27905,8.599397,244.45477,74.29092
2020-08-28 14:00:00,23.509369,19.461914,895.86084,8.274387,240.63086,78.05261
2020-08-28 15:00:00,22.898682,19.38684,896.4393,8.1564665,237.3909,80.609634
2020-08-28 16:00:00,22.793457,19.478027,896.8289,8.238845,235.19986,81.5865
2020-08-28 17:00:00,22.344086,19.367249,896.88806,8.466257,234.26768,83.26769
2020-08-28 18:00:00,22.17926,19.355408,896.67804,8.7246065,234.75798,84.045235
2020-08-28 19:00:00,22.069397,19.353363,896.34216,8.961206,236.15933,84.59887
2020-08-28 20:00:00,21.670471,19.214722,895.96924,9.079666,237.90958,85.93928
2020-08-28 21:00:00,21.548737,19.192566,895.681,9.107389,239.52405,86.462105
2020-08-28 22:00:00,21.324402,19.02066,895.52094,9.132808,250.35304,86.72384
2020-08-28 23:00:00,21.276154,18.994232,895.6669,8.809598,249.95778,86.837456
2020-08-29 00:00:00,21.480774,19.034607,896.03485,8.556782,249.60432,85.97187
2020-08-29 01:00:00,21.50888,19.000305,896.55,8.453492,249.08618,85.64065
2020-08-29 02:00:00,22.444275,19.212616,897.068,8.74173,248.14151,81.96922
2020-08-29 03:00:00,22.689728,19.117035,897.44055,9.259331,247.97064,80.27714
2020-08-29 04:00:00,22.953247,19.156067,897.6149,9.58272,248.10287,79.1977
2020-08-29 05:00:00,24.100464,19.22403,897.54095,9.806503,248.58702,74.21918
2020-08-29 06:00:00,24.649994,19.259644,897.19244,10.022494,248.75134,71.97531
2020-08-29 07:00:00,24.852814,19.355927,896.58435,10.21345,249.6195,71.535965
2020-08-29 08:00:00,25.34793,19.366272,895.9358,10.219572,250.80072,69.50136
2020-08-29 09:00:00,25.406921,19.292755,895.34534,10.085625,252.20528,68.941895
2020-08-29 10:00:00,24.822235,19.200806,894.94104,9.703033,258.61652,70.97796
2020-08-29 11:00:00,24.731781,19.17453,894.9944,8.975891,258.58273,71.2457
2020-08-29 12:00:00,24.568329,19.127625,895.18445,7.9957643,257.40344,71.73529
2020-08-29 13:00:00,24.319763,19.102448,895.59534,7.2721567,253.05914,72.69662
2020-08-29 14:00:00,23.552979,19.25296,896.16284,6.858294,248.65482,76.84222
2020-08-29 15:00:00,22.750793,19.131866,896.8123,6.685065,244.59172,80.05434
2020-08-29 16:00:00,22.648499,19.15921,897.1951,6.7181044,241.29175,80.68999
2020-08-29 17:00:00,22.210327,19.159332,897.33154,6.9261084,239.49402,82.86851
2020-08-29 18:00:00,21.939423,19.082489,897.1883,7.210825,238.97333,83.84554
2020-08-29 19:00:00,21.791626,19.034485,896.9118,7.4662766,239.9404,84.35253
2020-08-29 20:00:00,21.40155,18.88446,896.5463,7.6296725,241.29922,85.5843
2020-08-29 21:00:00,21.216034,18.79306,896.24146,7.690007,242.9116,86.07035
2020-08-29 22:00:00,20.976501,18.705322,896.11237,7.456624,251.0166,86.867836
2020-08-29 23:00:00,20.941376,18.688446,896.2371,7.2249045,250.8984,86.96375
2020-08-30 00:00:00,21.15564,18.696838,896.553,7.0185986,250.71909,85.87185
2020-08-30 01:00:00,21.370697,18.846802,897.1309,6.9217477,250.02533,85.54484
2020-08-30 02:00:00,22.411102,19.039948,897.6629,7.027114,249.21017,81.25553
2020-08-30 03:00:00,22.807404,19.082703,898.049,7.547964,248.3397,79.535965
2020-08-30 04:00:00,23.131744,19.138763,898.157,8.046513,248.96057,78.262566
2020-08-30 05:00:00,24.446136,19.188263,897.99615,8.463136,250.78772,72.53529
2020-08-30 06:00:00,25.043518,19.131989,897.6062,8.812548,252.7163,69.747505
2020-08-30 07:00:00,25.20578,19.12741,897.0511,9.020876,254.50645,69.056915
2020-08-30 08:00:00,25.793182,19.088715,896.404,9.093379,256.2276,66.528275
2020-08-30 09:00:00,25.842133,19.07077,895.748,8.94753,257.99673,66.26138
2020-08-30 10:00:00,25.09784,18.97226,895.2562,8.976013,262.31744,68.83304
2020-08-30 11:00:00,24.996857,18.900604,895.2673,8.135348,261.85226,68.939575
2020-08-30 12:00:00,24.825012,19.007477,895.53485,7.02634,258.77884,70.1161
2020-08-30 13:00:00,24.588135,19.119415,896.0734,6.3860936,252.91154,71.613686
2020-08-30 14:00:00,23.762756,19.196716,896.7726,6.0948396,247.02917,75.612236
2020-08-30 15:00:00,22.959167,19.036652,897.5071,6.03769,242.21744,78.58215
2020-08-30 16:00:00,22.7818,19.075775,898.0394,6.1436543,238.44205,79.62509
2020-08-30 17:00:00,22.248749,19.048798,898.20593,6.386632,236.35118,82.10726
2020-08-30 18:00:00,22.042816,19.003387,898.0698,6.7008624,236.4313,82.90854
2020-08-30 19:00:00,21.904266,18.963104,897.7445,6.9382887,238.01749,83.40224
2020-08-30 20:00:00,21.389343,18.816528,897.31354,7.0844655,240.45993,85.28572
2020-08-30 21:00:00,21.309448,18.806915,896.9691,7.1090336,243.0122,85.65283
2020-08-30 22:00:00,20.929535,18.57428,896.8606,6.927425,253.44878,86.40773
2020-08-30 23:00:00,20.871246,18.54953,896.9984,6.7720466,254.8871,86.58375
2020-08-31 00:00:00,21.10147,18.571991,897.25903,6.5804915,255.73517,85.487564
2020-08-31 01:00:00,21.297516,18.68518,897.8057,6.4468603,256.03497,85.06579
2020-08-31 02:00:00,22.497314,19.047089,898.3564,6.421457,255.63591,80.86691
2020-08-31 03:00:00,22.898499,19.13272,898.77966,6.929089,254.24942,79.34517
2020-08-31 04:00:00,23.204712,19.153076,898.9441,7.4517293,254.08661,77.98766
2020-08-31 05:00:00,24.501617,19.3096,898.86804,7.7429056,254.44998,72.84308
2020-08-31 06:00:00,25.06073,19.310791,898.5899,8.018238,254.47884,70.456215
2020-08-31 07:00:00,25.193146,19.31311,898.0429,8.346644,255.01181,69.91279
2020-08-31 08:00:00,25.655487,19.241425,897.37445,8.520492,256.69504,67.71496
2020-08-31 09:00:00,25.666138,19.204193,896.718,8.490029,259.32986,67.51544
2020-08-31 10:00:00,25.097107,19.128693,896.21655,8.458274,265.57526,69.51085
2020-08-31 11:00:00,25.004028,19.053864,896.1956,7.7684546,268.05737,69.57222
2020-08-31 12:00:00,24.858276,19.16858,896.4226,6.616041,268.48145,70.68336
2020-08-31 13:00:00,24.635376,19.247467,896.93964,5.682819,267.59158,71.98362
2020-08-31 14:00:00,23.87436,19.357758,897.64307,5.0764613,264.5608,75.86309
2020-08-31 15:00:00,22.960236,19.151062,898.4094,4.72522,260.2952,79.13952
2020-08-31 16:00:00,22.879883,19.186554,898.9558,4.555935,255.25357,79.701584
2020-08-31 17:00:00,22.275024,19.135895,899.07886,4.613847,250.8219,82.42236
2020-08-31 18:00:00,22.109344,19.12851,898.8772,4.807631,248.11133,83.219795
2020-08-31 19:00:00,21.974152,19.126587,898.49646,4.9949665,247.19193,83.89842
2020-08-31 20:00:00,21.45932,18.933655,898.1298,5.1160107,247.5122,85.54437
2020-08-31 21:00:00,21.30606,18.88733,897.79614,5.1613865,248.63443,86.102
2020-08-31 22:00:00,20.940887,18.609253,897.68585,5.268832,263.83008,86.53666
2020-08-31 23:00:00,20.880096,18.590546,897.6393,5.0124774,262.9847,86.75906
2020-09-01 00:00:00,21.083649,18.662384,897.8705,4.7507515,261.47717,86.06654
2020-09-01 01:00:00,21.239136,18.737244,898.4623,4.528266,259.66388,85.64918
2020-09-01 02:00:00,22.357483,19.080505,899.11273,4.4565315,256.792,81.72731
2020-09-01 03:00:00,22.918854,19.165161,899.6448,4.7477436,255.56058,79.40779
2020-09-01 04:00:00,23.260864,19.189514,899.91406,4.8748164,255.23282,77.90019
2020-09-01 05:00:00,24.644135,19.30896,899.8979,4.9810915,254.27759,72.22191
2020-09-01 06:00:00,25.224365,19.279816,899.61237,5.1815286,252.35123,69.63849
2020-09-01 07:00:00,25.350983,19.292053,899.052,5.5006394,251.87364,69.168564
2020-09-01 08:00:00,25.907104,19.187164,898.3666,5.700314,252.69539,66.487404
2020-09-01 09:00:00,25.858551,19.151276,897.73553,5.770127,254.36879,66.529976
2020-09-01 10:00:00,25.284668,19.036835,897.1975,5.979342,261.7763,68.34641
2020-09-01 11:00:00,25.139038,18.976135,897.24493,5.609111,261.85895,68.68094
2020-09-01 12:00:00,24.686523,19.141296,897.50586,5.0221934,259.2213,71.29085
2020-09-01 13:00:00,24.397217,19.171387,897.9663,4.526916,255.41907,72.67163
2020-09-01 14:00:00,23.756104,19.153198,898.6102,4.304921,250.4626,75.437706
2020-09-01 15:00:00,22.952698,19.125702,899.3504,4.1888614,245.58804,79.05059
2020-09-01 16:00:00,22.771637,19.1391,899.8772,4.1904483,241.81645,79.989296
2020-09-01 17:00:00,22.120026,19.024475,900.053,4.2678933,238.90816,82.627975
2020-09-01 18:00:00,21.932465,19.010773,899.8617,4.402173,238.66754,83.50684
2020-09-01 19:00:00,21.781555,18.991089,899.5803,4.4954453,239.07574,84.17627
2020-09-01 20:00:00,21.307861,18.849396,899.19556,4.4858003,241.18816,85.88879
2020-09-01 21:00:00,21.178955,18.795685,898.83936,4.3722186,243.83769,86.28051
2020-09-01 22:00:00,20.837952,18.50711,898.72296,4.2646227,257.97498,86.531105
2020-09-01 23:00:00,20.79181,18.491028,898.7304,3.9471347,260.13663,86.68979
2020-09-02 00:00:00,21.046875,18.588135,899.063,3.5128791,260.26224,85.86136
2020-09-02 01:00:00,21.17389,18.664612,899.63257,3.0771866,258.633,85.60306
2020-09-02 02:00:00,22.425385,19.085205,900.2424,2.7179801,253.4504,81.41445
2020-09-02 03:00:00,22.931915,19.051514,900.6943,2.7834656,248.00117,78.78493
2020-09-02 04:00:00,23.281525,19.075867,900.8784,2.7510476,243.60577,77.25395
2020-09-02 05:00:00,24.81903,19.224915,900.7974,2.7764468,241.05138,71.098206
2020-09-02 06:00:00,25.343872,19.266968,900.4046,2.933337,239.50745,69.089836
2020-09-02 07:00:00,25.466827,19.342773,899.81836,3.1273098,239.07837,68.91107
2020-09-02 08:00:00,25.97467,19.376099,899.1168,3.3053517,241.05656,67.005424
2020-09-02 09:00:00,25.947845,19.319489,898.4321,3.3804905,243.10123,66.875946
2020-09-02 10:00:00,25.243378,19.296844,897.7338,3.7991877,271.98706,69.6335
2020-09-02 11:00:00,25.096375,19.269775,897.6429,3.5249114,269.25214,70.12746
2020-09-02 12:00:00,24.91336,19.367462,897.8145,3.1626868,262.75293,71.32914
2020-09-02 13:00:00,24.778992,19.489258,898.2488,2.8535337,250.27817,72.45016
2020-09-02 14:00:00,23.865387,19.5419,898.88837,2.7722309,238.20084,76.77798
2020-09-02 15:00:00,23.19168,19.43039,899.6208,2.9000218,228.03731,79.40803
2020-09-02 16:00:00,23.079956,19.465118,900.0891,3.125851,221.0355,80.11903
2020-09-02 17:00:00,22.545807,19.402344,900.2145,3.4387617,218.117,82.432846
2020-09-02 18:00:00,22.3768,19.332397,899.99506,3.7192256,217.7987,82.9222
2020-09-02 19:00:00,22.2742,19.406189,899.68787,3.8967311,219.52455,83.82526
2020-09-02 20:00:00,21.792023,19.242767,899.29486,3.9355125,222.11885,85.45246
2020-09-02 21:00:00,21.675293,19.192352,898.9582,3.8811464,225.40836,85.794304
2020-09-02 22:00:00,21.358002,18.997192,898.76904,3.781572,250.3071,86.41886
2020-09-02 23:00:00,21.299316,18.992859,898.87463,3.4181967,252.36562,86.7068
2020-09-03 00:00:00,21.584717,19.0654,899.2199,3.0874329,252.31796,85.59092
2020-09-03 01:00:00,21.692932,19.113861,899.7804,2.7601743,249.60257,85.28373
2020-09-03 02:00:00,22.855225,19.37677,900.26697,2.5855887,241.78705,80.77151
2020-09-03 03:00:00,23.294373,19.469482,900.62054,2.601101,233.52167,79.10897
2020-09-03 04:00:00,23.560059,19.501495,900.70624,2.717522,227.19225,78.00614
2020-09-03 05:00:00,24.990112,19.599396,900.5513,2.888379,224.51738,72.03433
2020-09-03 06:00:00,25.50653,19.554474,900.1653,3.131329,224.64322,69.65954
2020-09-03 07:00:00,25.678558,19.651154,899.5242,3.3436286,227.22467,69.36706
2020-09-03 08:00:00,26.151672,19.656555,898.843,3.4294195,231.44545,67.47322
2020-09-03 09:00:00,26.225677,19.612396,898.2262,3.4784057,236.4809,66.994865
2020-09-03 10:00:00,25.415375,19.509644,897.68604,4.358534,261.36032,69.84308
2020-09-03 11:00:00,25.22586,19.428192,897.56,3.899543,264.78622,70.27806
2020-09-03 12:00:00,25.042084,19.490631,897.71326,3.288005,265.37775,71.327896
2020-09-03 13:00:00,24.76767,19.414795,898.17444,2.6873338,258.66473,72.16433
2020-09-03 14:00:00,23.990082,19.598114,898.8816,2.277125,247.54573,76.47126
2020-09-03 15:00:00,23.353485,19.56253,899.5575,2.116089,236.772,79.28425
2020-09-03 16:00:00,23.217316,19.554108,900.0307,2.084043,228.50957,79.8971
2020-09-03 17:00:00,22.667542,19.43988,900.13666,2.1859756,223.31273,82.01716
2020-09-03 18:00:00,22.558563,19.457184,899.9171,2.3325665,223.95473,82.65036
2020-09-03 19:00:00,22.439728,19.516205,899.5264,2.4454756,225.96721,83.55513
2020-09-03 20:00:00,22.005432,19.388153,899.098,2.4464536,229.74545,85.11338
2020-09-03 21:00:00,21.897491,19.345856,898.73944,2.370503,232.96686,85.45055
2020-09-03 22:00:00,21.587616,19.07965,898.6946,2.2821038,257.37357,85.65187
2020-09-03 23:00:00,21.563507,19.103485,898.68524,2.0253592,259.5074,85.9058
2020-09-04 00:00:00,21.844727,19.173431,898.89185,1.7776954,258.29837,84.81084
2020-09-04 01:00:00,21.909424,19.190063,899.25665,1.5852067,252.6472,84.564156
2020-09-04 02:00:00,23.038666,19.490997,899.6897,1.665082,242.90167,80.44873
2020-09-04 03:00:00,23.434418,19.448853,900.0067,1.9809802,234.03453,78.34257
2020-09-04 04:00:00,23.697174,19.510803,900.0808,2.3345828,228.70775,77.40929
2020-09-04 05:00:00,24.982391,19.623718,899.8921,2.6388314,225.14256,72.176445
2020-09-04 06:00:00,25.611908,19.574463,899.4366,2.9382548,224.7053,69.31108
2020-09-04 07:00:00,25.747772,19.619781,898.7375,3.1917067,227.35272,68.94849
2020-09-04 08:00:00,26.214508,19.498108,897.9648,3.3912067,230.61626,66.56483
2020-09-04 09:00:00,26.236053,19.466553,897.32886,3.587011,235.00946,66.349884
2020-09-04 10:00:00,25.379242,19.471893,896.8127,4.060822,259.16156,69.8292
2020-09-04 11:00:00,25.284332,19.444672,896.6686,3.7807534,261.16846,70.10576
2020-09-04 12:00:00,25.063446,19.42038,896.8094,3.2465394,259.11465,70.92671
2020-09-04 13:00:00,24.887604,19.532562,897.22314,2.8620915,251.66846,72.17589
2020-09-04 14:00:00,24.143188,19.612183,897.7664,2.702111,241.72932,75.83775
2020-09-04 15:00:00,23.320984,19.417969,898.3239,2.762247,232.99734,78.72939
2020-09-04 16:00:00,23.178009,19.426636,898.69916,2.9619026,226.79477,79.455154
2020-09-04 17:00:00,22.6362,19.337738,898.7611,3.271567,223.29073,81.65289
2020-09-04 18:00:00,22.503754,19.365692,898.57623,3.623481,222.95584,82.45545
2020-09-04 19:00:00,22.368927,19.386475,898.2297,3.9244816,224.71394,83.241486
2020-09-04 20:00:00,21.895813,19.24234,897.8515,4.0925913,227.41649,84.91043
2020-09-04 21:00:00,21.776337,19.217712,897.5831,4.078761,229.36267,85.40104
2020-09-04 22:00:00,21.434906,19.01535,897.3475,4.110419,242.68205,86.11016
2020-09-04 23:00:00,21.425842,19.039398,897.46313,4.0257735,241.91582,86.28729
2020-09-05 00:00:00,21.650848,19.060852,897.8049,4.006367,241.69122,85.22134
2020-09-05 01:00:00,21.698486,19.054504,898.29095,3.9553063,241.17114,84.93989
2020-09-05 02:00:00,22.67044,19.256317,898.79913,4.0064363,240.42902,81.07151
2020-09-05 03:00:00,22.981567,19.197693,899.1749,4.2536526,239.95872,79.26734
2020-09-05 04:00:00,23.296692,19.275177,899.30853,4.613198,240.4831,78.147575
2020-09-05 05:00:00,24.681091,19.352814,899.0989,4.966926,241.71294,72.259445
2020-09-05 06:00:00,25.339508,19.35025,898.6383,5.3061175,243.02795,69.46689
2020-09-05 07:00:00,25.518524,19.384186,897.9392,5.653208,245.39279,68.877
2020-09-05 08:00:00,26.044678,19.335022,897.1666,5.818939,248.0628,66.5581
2020-09-05 09:00:00,26.094116,19.303497,896.4888,5.8410635,250.65465,66.23367
2020-09-05 10:00:00,25.391602,19.292542,895.7651,6.483105,263.4452,69.0038
2020-09-05 11:00:00,25.255981,19.186829,895.5846,5.8519397,263.09738,69.10626
2020-09-05 12:00:00,24.892853,19.111755,895.70874,4.9718957,258.9464,70.288345
2020-09-05 13:00:00,24.703674,19.323517,896.1136,4.3310056,249.49648,72.03055
2020-09-05 14:00:00,23.982666,19.48285,896.66064,3.9925392,238.97995,75.959435
2020-09-05 15:00:00,23.239685,19.279053,897.22833,3.990881,229.06888,78.43605
2020-09-05 16:00:00,23.064972,19.27243,897.6191,4.2276654,221.61267,79.2362
2020-09-05 17:00:00,22.542816,19.220062,897.70337,4.6279755,217.14534,81.51777
2020-09-05 18:00:00,22.396545,19.143951,897.4748,5.0212135,216.34248,81.85647
2020-09-05 19:00:00,22.296783,19.147644,897.1607,5.41619,216.9829,82.373634
2020-09-05 20:00:00,21.825958,19.026733,896.82916,5.680462,218.04716,84.13519
2020-09-05 21:00:00,21.684326,18.996002,896.6699,5.832484,218.62692,84.70378
2020-09-05 22:00:00,21.387726,18.857452,896.50446,5.6125736,231.81982,85.512474
2020-09-05 23:00:00,21.3591,18.887573,896.6321,5.5746903,228.9634,85.82389
2020-09-06 00:00:00,21.598999,18.93097,896.88556,5.5859146,225.73427,84.80203
2020-09-06 01:00:00,21.654083,18.978882,897.31616,5.782761,222.15515,84.76995
2020-09-06 02:00:00,22.623352,19.17807,897.82513,6.174453,218.77614,80.90824
2020-09-06 03:00:00,23.153992,19.279205,898.2829,6.748166,218.55789,78.844025
2020-09-06 04:00:00,23.496582,19.328644,898.42975,7.2949605,218.7926,77.46801
2020-09-06 05:00:00,24.878204,19.344635,898.28546,7.8575296,219.27979,71.377495
2020-09-06 06:00:00,25.503204,19.345459,897.9906,8.36469,219.86887,68.77381
2020-09-06 07:00:00,25.667969,19.38977,897.43585,8.762277,220.93607,68.29241
2020-09-06 08:00:00,26.092194,19.29544,896.75867,9.013677,222.74649,66.208015
2020-09-06 09:00:00,26.158783,19.312286,896.10046,9.114667,224.89737,66.01703
2020-09-06 10:00:00,25.168,19.215668,895.4734,8.805597,237.38005,69.59405
2020-09-06 11:00:00,25.072937,19.142975,895.4737,8.556961,237.00662,69.673004
2020-09-06 12:00:00,24.916626,19.270721,895.73376,8.001474,235.00749,70.88718
2020-09-06 13:00:00,24.746216,19.313873,896.13446,7.6414604,231.25128,71.80461
2020-09-06 14:00:00,23.853699,19.284668,896.7737,7.5686245,227.75693,75.61268
2020-09-06 15:00:00,23.161835,19.139832,897.3869,7.638266,225.1659,78.12554
2020-09-06 16:00:00,23.06012,19.192139,897.8145,7.772409,223.47581,78.86414
2020-09-06 17:00:00,22.519897,19.198883,897.9339,7.946931,223.54865,81.52369
2020-09-06 18:00:00,22.400024,19.198242,897.8585,8.12687,224.80275,82.116455
2020-09-06 19:00:00,22.276062,19.186615,897.63947,8.279626,226.83516,82.67803
2020-09-06 20:00:00,21.83493,19.073792,897.29266,8.317305,228.98747,84.336235
2020-09-06 21:00:00,21.63147,18.96936,897.0018,8.187785,231.26808,84.83681
2020-09-06 22:00:00,21.375275,18.778687,896.87524,7.918728,237.06549,85.1577
2020-09-06 23:00:00,21.32727,18.776764,896.98083,7.670752,237.52332,85.39829
2020-09-07 00:00:00,21.548004,18.834686,897.33124,7.483109,237.54816,84.55713
2020-09-07 01:00:00,21.642212,18.862457,897.84,7.4367013,237.20236,84.21722
2020-09-07 02:00:00,22.637573,19.05951,898.35046,7.663318,236.66931,80.243286
2020-09-07 03:00:00,22.92508,19.004822,898.75854,8.295701,238.13348,78.58834
2020-09-07 04:00:00,23.26294,19.119232,898.90643,8.799917,240.60017,77.55006
2020-09-07 05:00:00,24.699799,19.183167,898.86615,9.115595,242.88615,71.4204
2020-09-07 06:00:00,25.289276,19.193726,898.5785,9.335813,244.55913,68.99915
2020-09-07 07:00:00,25.454071,19.221985,898.0403,9.510759,246.41573,68.44675
2020-09-07 08:00:00,26.01123,19.166443,897.3385,9.618936,248.18921,65.9936
2020-09-07 09:00:00,26.040375,19.18753,896.6632,9.570303,250.00966,65.96651
2020-09-07 10:00:00,25.251343,19.161194,896.10425,9.44495,256.40878,69.01503
2020-09-07 11:00:00,25.122406,19.06189,896.0581,8.859275,257.21835,69.11775
2020-09-07 12:00:00,24.6922,18.934967,896.3804,7.9012785,255.82298,70.3555
2020-09-07 13:00:00,24.50232,18.964722,896.85706,7.241353,251.09848,71.29121
2020-09-07 14:00:00,23.783447,19.0596,897.5062,6.980388,246.93831,74.87556
2020-09-07 15:00:00,23.021912,18.914764,898.1771,6.8839607,243.88716,77.69118
2020-09-07 16:00:00,22.86087,18.90149,898.61774,6.9138126,241.89069,78.38747
2020-09-07 17:00:00,22.34967,18.868805,898.7774,7.0773797,240.72939,80.69316
2020-09-07 18:00:00,22.17978,18.841858,898.60803,7.279759,240.47623,81.39473
2020-09-07 19:00:00,22.104706,18.88507,898.37415,7.447173,241.30554,81.988754
2020-09-07 20:00:00,21.588867,18.67871,897.9983,7.531259,242.62479,83.52776
2020-09-07 21:00:00,21.472015,18.652893,897.7247,7.5208607,244.51862,83.99147
2020-09-07 22:00:00,21.108063,18.476746,897.65607,7.081569,253.43744,84.94492
2020-09-07 23:00:00,20.999146,18.426758,897.73834,6.822045,253.84854,85.24767
2020-09-08 00:00:00,21.305115,18.527496,897.9241,6.5500255,253.11098,84.19137
2020-09-08 01:00:00,21.33493,18.516815,898.377,6.3708997,251.27335,83.981476
2020-09-08 02:00:00,22.366394,18.800507,898.92267,6.37812,249.22182,80.26797
2020-09-08 03:00:00,22.83783,18.876068,899.3416,6.765614,248.77344,78.37245
2020-09-08 04:00:00,23.164398,18.91806,899.5131,7.1753054,249.40302,77.0404
2020-09-08 05:00:00,24.768646,19.01648,899.4558,7.547396,249.75726,70.39203
2020-09-08 06:00:00,25.425537,18.968048,899.18335,7.923102,250.35489,67.48607
2020-09-08 07:00:00,25.624054,18.989075,898.6855,8.198161,251.1052,66.78267
2020-09-08 08:00:00,26.182312,18.850128,897.93616,8.359255,252.68974,64.052864
2020-09-08 09:00:00,26.212341,18.783539,897.3093,8.377523,254.11798,63.673866
2020-09-08 10:00:00,25.447113,18.792145,896.748,8.248064,260.4683,66.66337
2020-09-08 11:00:00,25.217743,18.60794,896.6511,7.602788,261.41278,66.805115
2020-09-08 12:00:00,24.83957,18.621399,896.8389,6.5706058,258.33423,68.385765
2020-09-08 13:00:00,24.56726,18.708832,897.259,5.788749,252.63882,69.8887
2020-09-08 14:00:00,23.879883,19.059845,897.9473,5.419129,246.33308,74.443665
2020-09-08 15:00:00,23.262726,19.009094,898.593,5.2765355,240.33896,77.020325
2020-09-08 16:00:00,23.068878,18.963593,898.9841,5.3528733,234.93869,77.707184
2020-09-08 17:00:00,22.450043,18.849121,899.0545,5.620297,231.56796,80.10375
2020-09-08 18:00:00,22.27655,18.858215,898.8931,5.9986887,230.6216,80.99934
2020-09-08 19:00:00,22.090271,18.872223,898.6199,6.3114896,231.16373,81.99507
2020-09-08 20:00:00,21.538666,18.702454,898.30695,6.5233436,232.63599,83.90919
2020-09-08 21:00:00,21.383575,18.697998,898.06287,6.5557475,234.21259,84.68619
2020-09-08 22:00:00,21.013367,18.443909,897.7921,6.144281,241.79831,85.264786
2020-09-08 23:00:00,20.939087,18.469025,897.8617,6.2210236,241.4721,85.789764
2020-09-09 00:00:00,21.175262,18.539581,898.0776,6.2106404,240.13885,84.92879
2020-09-09 01:00:00,21.248718,18.606445,898.5016,6.2224817,238.01938,84.90151
2020-09-09 02:00:00,22.320648,18.862,898.93854,6.3919883,235.9298,80.801414
2020-09-09 03:00:00,22.837677,18.94574,899.3081,6.9114857,235.31012,78.71482
2020-09-09 04:00:00,23.17215,18.979248,899.4076,7.4839835,235.51923,77.298935
2020-09-09 05:00:00,24.834015,19.105072,899.2883,7.9986396,236.50763,70.50621
2020-09-09 06:00:00,25.481567,19.101166,898.85565,8.539699,237.84433,67.82252
2020-09-09 07:00:00,25.648834,19.100403,898.12866,9.015947,239.84705,67.149124
2020-09-09 08:00:00,26.136078,18.960846,897.2558,9.319208,242.0823,64.67364
2020-09-09 09:00:00,26.158508,18.86267,896.52985,9.460595,244.27109,64.19332
2020-09-09 10:00:00,25.26587,18.702576,895.7511,9.429427,249.29532,67.009514
2020-09-09 11:00:00,25.18396,18.556427,895.64343,9.269373,250.03046,66.72414
2020-09-09 12:00:00,24.980072,18.599823,895.8318,8.696951,248.68324,67.7234
2020-09-09 13:00:00,24.704193,18.647614,896.25116,8.224057,245.38918,69.05405
2020-09-09 14:00:00,23.93985,18.872772,896.9111,7.9209433,242.54861,73.31496
2020-09-09 15:00:00,23.154144,18.811707,897.5204,7.7703996,240.07854,76.577896
2020-09-09 16:00:00,22.991394,18.79892,897.8234,7.7727394,237.81367,77.273705
2020-09-09 17:00:00,22.418549,18.71112,897.79663,7.95176,236.60928,79.568115
2020-09-09 18:00:00,22.209198,18.696838,897.45233,8.175044,236.33417,80.51602
2020-09-09 19:00:00,22.059662,18.68695,897.01654,8.39549,236.86557,81.20261
2020-09-09 20:00:00,21.435303,18.487213,896.51904,8.516425,237.88754,83.31205
2020-09-09 21:00:00,21.359406,18.511139,896.1492,8.610964,239.23746,83.825806
2020-09-09 22:00:00,21.032776,18.392456,895.8748,8.579714,244.74225,84.88906
2020-09-09 23:00:00,20.963715,18.372192,895.8192,8.480477,245.20395,85.141815
2020-09-10 00:00:00,21.172607,18.414215,896.06915,8.323639,245.0895,84.27824
2020-09-10 01:00:00,21.226898,18.450531,896.5064,8.1940365,243.50975,84.18935
2020-09-10 02:00:00,22.261261,18.755737,897.012,8.344202,241.8192,80.55734
2020-09-10 03:00:00,22.665222,18.727844,897.4192,8.98107,241.32756,78.46699
2020-09-10 04:00:00,23.049194,18.781708,897.5683,9.615351,242.02316,76.92113
2020-09-10 05:00:00,24.705719,18.878815,897.37775,10.085829,242.93488,70.05269
2020-09-10 06:00:00,25.334595,18.912994,896.8286,10.496189,243.74063,67.6192
2020-09-10 07:00:00,25.541504,18.913147,896.07263,10.875891,244.62857,66.79348
2020-09-10 08:00:00,25.915466,18.594482,895.3167,11.151276,245.70203,64.04031
2020-09-10 09:00:00,26.005829,18.446167,894.6968,11.255037,246.91263,63.109886
2020-09-10 10:00:00,25.2341,18.39853,894.09467,10.474511,249.38025,65.87062
2020-09-10 11:00:00,25.154144,18.345398,894.0467,10.189268,248.43564,65.964874
2020-09-10 12:00:00,24.952332,18.428772,894.27875,9.522771,245.18457,67.11284
2020-09-10 13:00:00,24.72409,18.51538,894.8661,9.056357,240.93024,68.40359
2020-09-10 14:00:00,23.829529,18.843658,895.5508,8.908322,236.78688,73.66876
2020-09-10 15:00:00,23.029694,18.516052,896.1648,8.922884,233.2374,75.74283
2020-09-10 16:00:00,22.859375,18.572388,896.515,9.1420145,230.60657,76.79832
2020-09-10 17:00:00,22.240692,18.48462,896.5656,9.432916,229.3536,79.30163
2020-09-10 18:00:00,22.057983,18.475922,896.414,9.73868,229.32884,80.14539
2020-09-10 19:00:00,21.927795,18.499176,896.1099,9.977469,230.29405,80.90197
2020-09-10 20:00:00,21.520538,18.42926,895.75665,10.121205,231.46964,82.57813
2020-09-10 21:00:00,21.314636,18.380402,895.4595,10.170573,232.57253,83.37047
2020-09-10 22:00:00,21.036957,18.284088,895.25977,9.453437,242.30536,84.292564
2020-09-10 23:00:00,20.896576,18.233643,895.36224,9.385608,241.66196,84.754295
2020-09-11 00:00:00,21.128906,18.271576,895.69336,9.221957,240.60356,83.75221
2020-09-11 01:00:00,21.226562,18.305115,896.2059,9.008093,238.62573,83.4272
2020-09-11 02:00:00,22.294739,18.581604,896.734,8.987839,236.48767,79.5226
2020-09-11 03:00:00,22.66446,18.585938,897.1789,9.350561,235.47943,77.77722
2020-09-11 04:00:00,23.005035,18.639465,897.3823,9.649991,235.4742,76.44409
2020-09-11 05:00:00,24.49405,18.74643,897.3736,9.918981,235.56154,70.36072
2020-09-11 06:00:00,25.130371,18.70932,896.99927,10.199645,236.03943,67.580734
2020-09-11 07:00:00,25.312164,18.738068,896.4885,10.410767,236.88367,66.97365
2020-09-11 08:00:00,25.722748,18.565277,895.8733,10.483286,238.23317,64.6576
2020-09-11 09:00:00,25.73108,18.471924,895.354,10.368814,239.97363,64.249016
2020-09-11 10:00:00,25.059723,18.145538,894.9832,9.687148,246.44806,65.5103
2020-09-11 11:00:00,24.849945,18.115906,895.03033,9.063168,246.25504,66.21177
2020-09-11 12:00:00,24.4552,18.258514,895.3618,8.433897,242.95892,68.40229
2020-09-11 13:00:00,23.935059,18.2966,896.0843,7.86652,238.026,70.73881
2020-09-11 14:00:00,23.30368,18.557068,896.93524,7.7129393,232.86429,74.69031
2020-09-11 15:00:00,22.871887,18.549011,897.68774,7.810945,228.44907,76.62791
2020-09-11 16:00:00,22.713806,18.626556,898.1189,8.091174,225.49919,77.74205
2020-09-11 17:00:00,22.321228,18.645844,898.18335,8.393808,224.3504,79.714294
2020-09-11 18:00:00,22.15216,18.63263,898.0732,8.697528,224.93822,80.47236
2020-09-11 19:00:00,22.038452,18.641663,897.83655,8.946899,226.74425,81.07767
2020-09-11 20:00:00,21.502533,18.54773,897.56445,9.07407,228.8648,83.28485
2020-09-11 21:00:00,21.366089,18.522064,897.3187,9.079928,230.91922,83.84882
2020-09-11 22:00:00,20.923431,18.235107,897.2721,8.509673,240.69867,84.622246
2020-09-11 23:00:00,20.8721,18.214508,897.3772,8.315705,240.55815,84.780075
2020-09-12 00:00:00,21.137634,18.27655,897.7271,8.100391,239.73239,83.73348
2020-09-12 01:00:00,21.17929,18.28653,898.30865,7.8859777,237.91249,83.572
2020-09-12 02:00:00,22.259125,18.609467,898.95013,7.9039297,235.923,79.83421
2020-09-12 03:00:00,22.579773,18.614136,899.44867,8.390028,235.30774,78.31608
2020-09-12 04:00:00,22.984924,18.685883,899.6537,8.798604,236.02463,76.759705
2020-09-12 05:00:00,24.537598,18.666443,899.616,9.18131,237.69153,69.827515
2020-09-12 06:00:00,25.217804,18.689575,899.2225,9.481426,239.94861,67.14687
2020-09-12 07:00:00,25.382202,18.656769,898.6431,9.721958,242.4003,66.357086
2020-09-12 08:00:00,25.888031,18.4458,897.95435,9.837615,244.96025,63.550102
2020-09-12 09:00:00,25.89508,18.390656,897.38275,9.7474,247.11281,63.304424
2020-09-12 10:00:00,25.23648,18.438507,896.83014,9.243407,257.3514,66.026474
2020-09-12 11:00:00,25.141632,18.384766,896.81586,8.484857,257.51163,66.17716
2020-09-12 12:00:00,24.93747,18.354828,897.14966,7.570134,254.93509,66.861786
2020-09-12 13:00:00,24.69632,18.402985,897.68823,6.8607454,249.71094,68.036446
2020-09-12 14:00:00,23.817993,18.518494,898.34216,6.5624595,243.51202,72.236015
2020-09-12 15:00:00,23.087097,18.395538,898.9623,6.5371733,237.56244,74.912544
2020-09-12 16:00:00,22.922333,18.409729,899.3127,6.7557654,233.0496,75.73062
2020-09-12 17:00:00,22.283508,18.375092,899.37524,7.0840397,230.81737,78.55429
2020-09-12 18:00:00,22.055878,18.324615,899.08545,7.408108,230.40419,79.39923
2020-09-12 19:00:00,21.887543,18.335876,898.7098,7.7018948,231.20021,80.27531
2020-09-12 20:00:00,21.286102,18.1633,898.3031,7.8686767,232.64816,82.38671
2020-09-12 21:00:00,21.15866,18.143127,898.01086,7.9423985,234.09073,82.92818
2020-09-12 22:00:00,20.871338,18.066559,897.892,7.3847537,243.09503,84.0
2020-09-12 23:00:00,20.808472,18.069214,897.9475,7.2431917,242.10204,84.33957
2020-09-13 00:00:00,21.047333,18.149567,898.1833,7.100691,240.33194,83.53069
2020-09-13 01:00:00,21.111542,18.175385,898.6231,6.9102592,236.85706,83.33695
2020-09-13 02:00:00,22.257782,18.564575,899.22375,6.9044867,232.91443,79.61676
2020-09-13 03:00:00,22.627106,18.52295,899.7132,7.2857423,229.83011,77.64697
2020-09-13 04:00:00,22.981812,18.512604,900.0075,7.832128,228.96564,75.9462
2020-09-13 05:00:00,24.46463,18.588287,899.9588,8.420255,229.44904,69.791016
2020-09-13 06:00:00,25.089142,18.60147,899.5723,8.963351,231.64308,67.291466
2020-09-13 07:00:00,25.256012,18.586182,898.90375,9.430406,234.53845,66.56245
2020-09-13 08:00:00,25.80365,18.460052,898.1297,9.733782,237.98186,63.925636
2020-09-13 09:00:00,25.867035,18.360992,897.4588,9.775055,240.75748,63.291885
2020-09-13 10:00:00,25.036102,18.30423,896.8091,9.408332,249.16792,66.259155
2020-09-13 11:00:00,24.912872,18.265564,896.82886,8.849196,249.60709,66.58618
2020-09-13 12:00:00,24.721252,18.330872,897.1104,8.187071,246.8436,67.62877
2020-09-13 13:00:00,24.490967,18.315277,897.59216,7.6731305,242.86429,68.49946
2020-09-13 14:00:00,23.688293,18.537964,898.2418,7.547724,239.05489,72.89085
2020-09-13 15:00:00,23.009857,18.413635,898.82947,7.6167274,235.63638,75.348854
2020-09-13 16:00:00,22.852448,18.447815,899.17737,7.8799872,232.89336,76.233574
2020-09-13 17:00:00,22.182068,18.418823,899.1832,8.232339,231.7769,79.257805
2020-09-13 18:00:00,21.968292,18.381256,898.8448,8.643028,231.71788,80.10833
2020-09-13 19:00:00,21.808105,18.380432,898.3949,8.965244,232.88889,80.89117
2020-09-13 20:00:00,21.30362,18.289948,897.9162,9.092721,234.45502,82.95497
2020-09-13 21:00:00,21.211975,18.2818,897.59174,9.1239,236.12234,83.37984
2020-09-13 22:00:00,20.896393,18.105286,897.349,8.501534,244.3312,84.075005
2020-09-13 23:00:00,20.812683,18.106995,897.2699,8.364385,244.38643,84.518074
2020-09-14 00:00:00,20.984497,18.15149,897.46423,8.189714,243.62704,83.86387
2020-09-14 01:00:00,21.02826,18.181244,897.9076,8.010487,241.513,83.795074
2020-09-14 02:00:00,22.205078,18.498627,898.4158,7.9855976,238.62247,79.54348
2020-09-14 03:00:00,22.538269,18.525848,898.8103,8.299869,236.26743,78.08103
2020-09-14 04:00:00,22.897308,18.583344,899.00476,8.781873,235.73953,76.67459
2020-09-14 05:00:00,24.157349,18.669983,898.94,9.372569,236.92172,71.45241
2020-09-14 06:00:00,25.100403,18.45514,898.563,9.942741,239.34744,66.633064
2020-09-14 07:00:00,25.322113,18.488129,897.8933,10.385127,242.11887,65.89544
2020-09-14 08:00:00,25.73941,18.458344,897.0603,10.678893,244.78589,64.162674
2020-09-14 09:00:00,25.769073,18.364807,896.3144,10.676584,246.4624,63.675613
2020-09-14 10:00:00,24.907776,18.394165,895.59985,10.433438,253.24979,67.14568
2020-09-14 11:00:00,24.771545,18.338898,895.5878,9.663054,252.86427,67.45983
2020-09-14 12:00:00,24.623474,18.38733,895.8915,8.7091055,249.48495,68.26633
2020-09-14 13:00:00,24.406738,18.417725,896.42413,7.958265,244.4953,69.28932
2020-09-14 14:00:00,23.605347,18.47287,897.18854,7.640415,239.17029,72.95788
2020-09-14 15:00:00,22.950623,18.388458,897.8645,7.578481,234.32315,75.50026
2020-09-14 16:00:00,22.78952,18.391632,898.2804,7.746559,230.00278,76.25592
2020-09-14 17:00:00,22.220734,18.460083,898.342,8.06448,227.18903,79.27609
2020-09-14 18:00:00,22.031586,18.480225,898.12854,8.430387,226.07489,80.296135
2020-09-14 19:00:00,21.83023,18.445312,897.76,8.701375,226.22476,81.11108
2020-09-14 20:00:00,21.286652,18.27536,897.27765,8.916454,227.30185,82.96535
2020-09-14 21:00:00,21.204346,18.302307,896.8642,9.075314,228.25237,83.526245
2020-09-14 22:00:00,20.96875,18.154846,896.6396,8.758149,236.04843,83.96277
2020-09-14 23:00:00,20.907043,18.157928,896.6872,8.7472105,234.29364,84.29817
2020-09-15 00:00:00,21.143097,18.26236,896.88727,8.772541,232.73355,83.63093
2020-09-15 01:00:00,21.298798,18.289642,897.4115,8.856447,230.14043,82.97791
2020-09-15 02:00:00,22.4216,18.508911,898.0689,9.32304,228.34665,78.55317
2020-09-15 03:00:00,22.736847,18.453278,898.64056,10.059285,228.78261,76.79589
2020-09-15 04:00:00,23.127777,18.53598,898.8975,10.648492,230.22112,75.38879
2020-09-15 05:00:00,24.579865,18.62442,898.8028,11.134762,232.39491,69.468346
2020-09-15 06:00:00,25.217224,18.617798,898.3313,11.538618,234.9492,66.84838
2020-09-15 07:00:00,25.358154,18.618835,897.56464,11.839545,237.11638,66.29455
2020-09-15 08:00:00,25.84665,18.451569,896.7084,11.978442,239.07773,63.729084
2020-09-15 09:00:00,25.861755,18.419312,895.9978,11.944303,240.64459,63.54352
2020-09-15 10:00:00,24.92215,18.398071,895.4551,11.298189,247.01193,67.10457
2020-09-15 11:00:00,24.766235,18.35138,895.42194,10.427371,246.75252,67.53406
2020-09-15 12:00:00,24.581757,18.34314,895.63477,9.389652,243.46329,68.24756
2020-09-15 13:00:00,24.326965,18.32434,896.2078,8.753697,239.16797,69.21487
2020-09-15 14:00:00,23.602142,18.504272,897.0017,8.433745,235.3999,73.11566
2020-09-15 15:00:00,22.85382,18.470184,897.7229,8.315799,232.05801,76.3341
2020-09-15 16:00:00,22.699951,18.486816,898.188,8.4109535,229.52321,77.129814
2020-09-15 17:00:00,22.138458,18.373901,898.29083,8.626622,227.96208,79.245186
2020-09-15 18:00:00,22.035309,18.43808,898.0934,8.919353,227.87126,80.066246
2020-09-15 19:00:00,21.84317,18.391174,897.7375,9.136741,228.4099,80.77255
2020-09-15 20:00:00,21.249329,18.20514,897.31116,9.287294,229.75612,82.78985
2020-09-15 21:00:00,21.114838,18.2388,896.93365,9.365547,231.28552,83.6524
2020-09-15 22:00:00,20.827606,18.08966,896.5874,9.385871,238.249,84.34864
2020-09-15 23:00:00,20.789276,18.143372,896.6574,9.196702,237.9507,84.833496
2020-09-16 00:00:00,21.00467,18.19043,897.0123,9.06678,237.11192,83.96503
2020-09-16 01:00:00,21.12439,18.253296,897.6358,8.926528,235.38304,83.67943
2020-09-16 02:00:00,22.106964,18.35495,898.3669,9.053402,234.38416,79.30309
2020-09-16 03:00:00,22.57483,18.437439,898.9225,9.525337,235.41449,77.47769
2020-09-16 04:00:00,22.900726,18.428345,899.2154,9.956172,236.97466,75.918274
2020-09-16 05:00:00,24.372528,18.470795,899.1315,10.4349785,238.8866,69.66267
2020-09-16 06:00:00,24.977173,18.448303,898.7149,10.999126,240.94202,67.09555
2020-09-16 07:00:00,25.196533,18.455078,898.0042,11.463364,243.03723,66.25241
2020-09-16 08:00:00,25.785736,18.289948,897.20447,11.723638,245.16853,63.31484
2020-09-16 09:00:00,25.871002,18.279694,896.5426,11.795749,246.7523,62.955242
2020-09-16 10:00:00,24.996735,18.126556,895.8793,11.221332,252.46494,65.67838
2020-09-16 11:00:00,24.86148,18.082214,895.9211,10.6328335,251.33876,66.026306
2020-09-16 12:00:00,24.659637,18.097473,896.1701,9.750169,247.0578,66.89122
2020-09-16 13:00:00,24.426208,18.183472,896.65936,8.98564,242.04135,68.1992
2020-09-16 14:00:00,23.570618,18.413696,897.30646,8.691443,237.36348,72.8402
2020-09-16 15:00:00,22.778564,18.304169,898.0081,8.678039,233.12808,75.889275
2020-09-16 16:00:00,22.628326,18.35846,898.4933,8.868427,230.181,76.84519
2020-09-16 17:00:00,22.01239,18.285889,898.6551,9.138405,228.56525,79.416885
2020-09-16 18:00:00,21.829163,18.295837,898.4051,9.424469,228.77055,80.35987
2020-09-16 19:00:00,21.690765,18.299988,897.9982,9.648704,229.97975,81.06327
2020-09-16 20:00:00,21.08603,18.08023,897.4735,9.811954,231.85483,82.970314
2020-09-16 21:00:00,21.018677,18.116516,897.03,9.881564,233.53055,83.50435
2020-09-16 22:00:00,20.709229,17.990173,896.72046,9.69797,238.42374,84.43589
2020-09-16 23:00:00,20.652618,17.996979,896.7982,9.758505,238.47073,84.76706
2020-09-17 00:00:00,20.906067,18.04831,897.1594,9.763356,238.52286,83.72475
2020-09-17 01:00:00,20.995087,18.062317,897.67413,9.745373,237.81427,83.34124
2020-09-17 02:00:00,22.276062,18.370178,898.303,9.968047,237.28638,78.565704
2020-09-17 03:00:00,22.73465,18.362213,898.78265,10.583908,238.67697,76.36907
2020-09-17 04:00:00,23.138763,18.4057,899.00885,11.187292,240.80186,74.72647
2020-09-17 05:00:00,24.622833,18.482483,898.88104,11.78974,243.64337,68.67716
2020-09-17 06:00:00,25.239685,18.395294,898.3956,12.348072,246.00388,65.835365
2020-09-17 07:00:00,25.396606,18.394684,897.6722,12.793492,247.86531,65.22123
2020-09-17 08:00:00,26.04419,18.19632,896.826,13.11289,249.6114,61.98795
2020-09-17 09:00:00,26.07663,18.074951,896.06525,13.21912,251.00381,61.399384
2020-09-17 10:00:00,25.29013,18.225525,895.4825,12.705037,254.93365,64.94293
2020-09-17 11:00:00,25.218933,18.177948,895.5643,12.092354,254.48651,65.02418
2020-09-17 12:00:00,24.970154,18.191406,895.8136,11.120071,251.9278,66.05095
2020-09-17 13:00:00,24.74289,18.34497,896.3908,10.30034,248.88072,67.601135
2020-09-17 14:00:00,23.852753,18.523315,897.0492,9.97801,245.90314,72.10693
2020-09-17 15:00:00,23.119476,18.450104,897.76843,9.901471,243.53757,75.02208
2020-09-17 16:00:00,22.953918,18.467224,898.12976,10.061973,241.8985,75.85867
2020-09-17 17:00:00,22.316345,18.401855,898.17523,10.299967,241.07764,78.52913
2020-09-17 18:00:00,22.111511,18.387573,897.8693,10.56441,241.72412,79.44343
2020-09-17 19:00:00,21.970428,18.447327,897.46,10.830322,243.24619,80.43024
2020-09-17 20:00:00,21.442444,18.332458,896.8713,11.026096,244.95456,82.47196
2020-09-17 21:00:00,21.281738,18.240479,896.41345,11.170108,246.66858,82.80893
2020-09-17 22:00:00,20.881195,18.049255,896.0886,10.999684,249.99597,83.8579
2020-09-17 23:00:00,20.810486,18.035309,896.08014,11.015597,250.5397,84.149635
2020-09-18 00:00:00,21.038757,18.071777,896.27185,10.892466,250.79196,83.16734
2020-09-18 01:00:00,21.210236,18.141022,896.7238,10.779707,250.27203,82.65522
2020-09-18 02:00:00,22.401398,18.445557,897.24915,10.908373,249.16354,78.33823
2020-09-18 03:00:00,23.003418,18.335815,897.68256,11.617051,249.29416,75.01143
2020-09-18 04:00:00,23.377747,18.386414,897.8532,12.161867,250.19037,73.56649
2020-09-18 05:00:00,24.763702,18.48468,897.66705,12.466207,251.51418,68.11084
2020-09-18 06:00:00,25.430664,18.42865,897.14307,12.80667,252.39066,65.22804
2020-09-18 07:00:00,25.531647,18.365295,896.34937,13.192778,253.19327,64.580956
2020-09-18 08:00:00,26.16632,18.200256,895.4906,13.437584,254.13535,61.557083
2020-09-18 09:00:00,26.218018,18.193573,894.81335,13.494125,255.01135,61.343575
2020-09-18 10:00:00,25.253967,18.17978,894.1925,12.6207485,257.96875,64.89621
2020-09-18 11:00:00,25.074371,18.083313,894.1973,11.964647,256.93652,65.19782
2020-09-18 12:00:00,24.858215,18.205078,894.4383,11.019227,254.16672,66.55063
2020-09-18 13:00:00,24.624908,18.31726,894.88525,10.303136,250.96556,67.961296
2020-09-18 14:00:00,23.692749,18.476685,895.5095,10.081138,247.65047,72.59219
2020-09-18 15:00:00,23.13556,18.436615,896.0955,10.116878,244.92947,74.88585
2020-09-18 16:00:00,22.954346,18.414276,896.39575,10.351231,243.04709,75.60548
2020-09-18 17:00:00,22.336426,18.342804,896.3783,10.679709,242.29657,78.14346
2020-09-18 18:00:00,22.132446,18.277435,896.0963,11.073886,242.66248,78.79612
2020-09-18 19:00:00,22.01712,18.23349,895.6912,11.401677,243.9914,79.13341
2020-09-18 20:00:00,21.50174,18.123383,895.20294,11.636167,245.93951,81.10203
2020-09-18 21:00:00,21.360413,18.13205,894.7603,11.734645,248.14609,81.85154
2020-09-18 22:00:00,21.043915,17.825104,894.4916,11.556616,248.86731,81.86123
2020-09-18 23:00:00,21.025269,17.856476,894.5505,11.461439,249.95947,82.117004
2020-09-19 00:00:00,21.237091,17.957397,894.80164,11.314712,251.0968,81.572495
2020-09-19 01:00:00,21.289795,17.981018,895.2693,11.104432,251.33612,81.43014
2020-09-19 02:00:00,22.510712,18.284393,895.81665,11.11924,250.8349,77.037285
2020-09-19 03:00:00,22.947784,18.260986,896.2676,11.692944,251.00194,74.91206
2020-09-19 04:00:00,23.270447,18.21753,896.3756,12.01956,251.90555,73.264465
2020-09-19 05:00:00,24.80307,18.305847,896.18286,12.169428,252.56712,67.193565
2020-09-19 06:00:00,25.523773,18.230286,895.6613,12.332662,252.73561,64.06636
2020-09-19 07:00:00,25.703064,18.241425,894.9122,12.524738,253.26025,63.43255
2020-09-19 08:00:00,26.311829,18.03238,894.1191,12.600304,253.61856,60.390102
2020-09-19 09:00:00,26.359741,17.96524,893.5279,12.616213,253.88196,59.965916
2020-09-19 10:00:00,25.34552,18.02237,893.07153,12.496067,254.89003,63.908684
2020-09-19 11:00:00,25.25177,18.002045,893.08344,12.129355,253.33864,64.18405
2020-09-19 12:00:00,24.953522,18.095337,893.25226,11.695019,251.09866,65.71886
2020-09-19 13:00:00,24.591919,18.154358,893.6028,11.337033,248.40071,67.402954
2020-09-19 14:00:00,23.769653,18.278137,894.0925,11.24675,245.6247,71.36327
2020-09-19 15:00:00,23.068054,18.134277,894.6114,11.32906,243.05524,73.77965
2020-09-19 16:00:00,22.855133,18.085022,894.9038,11.525356,241.08963,74.506004
2020-09-19 17:00:00,22.141296,18.07312,894.95874,11.810422,240.00177,77.74996
2020-09-19 18:00:00,21.938416,18.04718,894.795,12.084524,239.69507,78.589325
2020-09-19 19:00:00,21.786285,18.033722,894.526,12.293087,240.01764,79.25551
2020-09-19 20:00:00,21.303131,17.90628,894.1824,12.345753,240.69861,80.982056
2020-09-19 21:00:00,21.13858,17.862274,893.87604,12.326757,241.34753,81.57739
2020-09-19 22:00:00,20.775604,17.679962,893.77185,12.235234,240.56424,82.465576
2020-09-19 23:00:00,20.73462,17.679901,893.8777,12.073456,240.06964,82.673546
2020-09-20 00:00:00,20.960022,17.743866,894.1269,11.922331,239.99754,81.86441
2020-09-20 01:00:00,21.041718,17.774109,894.60583,11.77644,239.55502,81.60985
2020-09-20 02:00:00,22.158813,17.899994,895.21844,11.89064,238.77216,76.82628
2020-09-20 03:00:00,22.665741,18.078705,895.7558,12.301332,238.8158,75.33658
2020-09-20 04:00:00,23.10321,18.0961,895.9331,12.487252,239.3961,73.4466
2020-09-20 05:00:00,24.617035,18.00647,895.8059,12.535368,239.75998,66.6794
2020-09-20 06:00:00,25.260956,17.954346,895.34344,12.664496,240.30719,63.956905
2020-09-20 07:00:00,25.444092,17.95285,894.7099,12.8278475,240.99585,63.258205
2020-09-20 08:00:00,26.083313,17.79367,893.9957,12.971243,241.4797,60.298855
2020-09-20 09:00:00,26.141693,17.69165,893.4279,13.033082,241.81552,59.70618
2020-09-20 10:00:00,25.086884,17.55722,893.0134,12.456771,243.53816,63.027008
2020-09-20 11:00:00,24.964386,17.432983,893.10846,12.050209,242.87823,62.993122
2020-09-20 12:00:00,24.775726,17.340546,893.324,11.661299,240.25824,63.33552
2020-09-20 13:00:00,24.421906,17.648834,893.7672,11.390054,237.42049,65.96076
2020-09-20 14:00:00,23.470245,17.967316,894.31555,11.342382,235.1853,71.25744
2020-09-20 15:00:00,22.76355,17.875244,894.9283,11.421399,233.4315,73.93904
2020-09-20 16:00:00,22.600098,17.849487,895.2633,11.5879965,232.122,74.55495
2020-09-20 17:00:00,21.98587,17.772095,895.34454,11.787716,231.2824,77.01782
2020-09-20 18:00:00,21.838165,17.708435,895.1754,11.96996,231.1099,77.40412
2020-09-20 19:00:00,21.688171,17.719757,894.908,12.049973,231.59691,78.17236
2020-09-20 20:00:00,21.079468,17.534668,894.5756,12.034365,232.3688,80.20127
2020-09-20 21:00:00,20.930725,17.51828,894.28174,11.973828,233.23479,80.85393
2020-09-20 22:00:00,20.40091,17.276398,894.1699,11.348454,232.22136,82.26979
2020-09-20 23:00:00,20.33612,17.23236,894.25397,11.311794,231.03381,82.36987
2020-09-21 00:00:00,20.495789,17.246307,894.5427,11.250474,229.83086,81.63415
2020-09-21 01:00:00,20.58191,17.186768,895.0926,11.0989275,228.8472,80.896645
2020-09-21 02:00:00,21.530426,17.226074,895.70654,11.023086,228.48364,76.50867
2020-09-21 03:00:00,22.005676,17.120148,896.1791,11.010777,228.59155,73.823074
2020-09-21 04:00:00,22.41687,17.066772,896.3375,11.168232,228.9244,71.75504
2020-09-21 05:00:00,23.771332,17.006714,896.24664,11.390182,229.93411,65.86041
2020-09-21 06:00:00,24.447815,17.16806,895.92053,11.634218,231.6573,63.88908
2020-09-21 07:00:00,24.682922,17.282898,895.39435,11.893316,233.53174,63.456047
2020-09-21 08:00:00,25.270996,17.03299,894.7177,12.105003,235.49742,60.30815
2020-09-21 09:00:00,25.372803,17.04129,894.1575,12.145609,237.09637,59.97559
2020-09-21 10:00:00,24.694489,16.945984,893.88275,11.517278,241.09573,62.07434
2020-09-21 11:00:00,24.58487,16.786987,894.01624,11.239049,240.06625,61.855675
2020-09-21 12:00:00,24.454102,16.68692,894.3493,10.946171,237.32144,61.946815
2020-09-21 13:00:00,24.253693,17.037415,894.84143,10.7095175,234.0541,64.10417
2020-09-21 14:00:00,23.250183,17.29123,895.44214,10.564963,231.38295,69.197174
2020-09-21 15:00:00,22.499725,17.085968,895.9805,10.515651,228.98007,71.4815
2020-09-21 16:00:00,22.333435,17.052063,896.3021,10.601619,227.10806,72.05287
2020-09-21 17:00:00,21.723328,17.060822,896.41376,10.808359,225.94106,74.82492
2020-09-21 18:00:00,21.517456,17.039978,896.3201,11.003375,225.57712,75.672966
2020-09-21 19:00:00,21.35434,17.01007,896.0609,11.145956,225.68178,76.288055
2020-09-21 20:00:00,20.836304,16.955444,895.69556,11.218979,226.1209,78.4814
2020-09-21 21:00:00,20.720367,16.921661,895.3667,11.294895,226.40701,78.87435
2020-09-21 22:00:00,20.475159,16.802551,895.30725,11.033833,228.50797,79.47281
2020-09-21 23:00:00,20.401855,16.815643,895.40094,10.91157,228.22646,79.89939
2020-09-22 00:00:00,20.561798,16.87976,895.6883,10.847515,227.68993,79.437386
2020-09-22 01:00:00,20.641693,16.863129,896.1407,10.735751,226.5526,78.96389
2020-09-22 02:00:00,21.740784,17.009064,896.7344,10.652752,225.59802,74.50055
2020-09-22 03:00:00,22.143677,17.063263,897.14923,10.837712,225.41772,72.94166
2020-09-22 04:00:00,22.506622,17.201538,897.3258,11.120767,226.20415,71.97599
2020-09-22 05:00:00,23.96817,17.300934,897.10175,11.409884,227.82251,66.30849
2020-09-22 06:00:00,24.579193,17.328796,896.7224,11.639515,230.43011,64.03629
2020-09-22 07:00:00,24.792603,17.388062,896.115,11.790105,233.53653,63.46193
2020-09-22 08:00:00,25.444916,17.178009,895.5139,11.8547125,236.04791,60.238087
2020-09-22 09:00:00,25.44812,17.034973,894.93085,11.749769,237.88766,59.683807
2020-09-22 10:00:00,24.75998,17.180237,894.4045,10.966472,241.8234,62.75587
2020-09-22 11:00:00,24.618683,17.115387,894.5183,10.240388,240.96179,63.028843
2020-09-22 12:00:00,24.4487,17.198242,894.7576,9.538724,238.4979,64.007805
2020-09-22 13:00:00,24.203033,17.240509,895.2223,9.041052,235.05725,65.130905
2020-09-22 14:00:00,23.32843,17.529205,895.7647,8.821542,231.83072,69.91376
2020-09-22 15:00:00,22.533844,17.455719,896.37604,8.745917,228.83438,73.02047
2020-09-22 16:00:00,22.381622,17.473389,896.74084,8.852091,226.16833,73.78133
2020-09-22 17:00:00,21.74942,17.4646,896.825,9.04338,224.33728,76.63727
2020-09-22 18:00:00,21.589508,17.492096,896.66455,9.30924,223.54868,77.52453
2020-09-22 19:00:00,21.451294,17.521912,896.402,9.540034,223.61467,78.33031
2020-09-22 20:00:00,20.919281,17.466217,896.0974,9.701389,223.94339,80.64543
2020-09-22 21:00:00,20.829071,17.47995,895.85016,9.830408,224.20845,81.16443
2020-09-22 22:00:00,20.535004,17.348816,895.8035,9.56587,227.32954,81.96632
2020-09-22 23:00:00,20.493286,17.37561,895.85455,9.582054,227.03656,82.316666
2020-09-23 00:00:00,20.702301,17.481537,896.13165,9.574209,226.4771,81.808426
2020-09-23 01:00:00,20.75763,17.454956,896.59845,9.646837,225.15965,81.39353
2020-09-23 02:00:00,21.863525,17.681946,897.1704,9.922298,223.21663,77.15549
2020-09-23 03:00:00,22.263184,17.769012,897.67114,10.764629,223.36592,75.71286
2020-09-23 04:00:00,22.611176,17.786743,897.9146,11.508454,225.02855,74.211136
2020-09-23 05:00:00,24.06491,17.839203,897.76794,12.047445,227.10727,68.200806
2020-09-23 06:00:00,24.570679,17.881042,897.3543,12.413747,229.63293,66.339134
2020-09-23 07:00:00,24.711884,17.873413,896.76874,12.689312,232.12811,65.74995
2020-09-23 08:00:00,25.105103,17.770416,896.0857,12.763653,234.09329,63.810284
2020-09-23 09:00:00,25.128693,17.779572,895.4674,12.617437,235.41862,63.757427
2020-09-23 10:00:00,24.489471,17.82779,895.1101,11.923283,240.47026,66.439224
2020-09-23 11:00:00,24.351685,17.818207,895.1856,10.9364,240.979,66.94926
2020-09-23 12:00:00,24.121368,17.776459,895.4377,9.741047,238.96355,67.702095
2020-09-23 13:00:00,23.890137,17.809265,895.9501,8.9466715,235.03085,68.79095
2020-09-23 14:00:00,23.053345,18.049652,896.58923,8.586066,231.43129,73.45381
2020-09-23 15:00:00,22.357147,17.973114,897.26624,8.429051,227.96806,76.25437
2020-09-23 16:00:00,22.206573,17.95337,897.66833,8.513488,225.30154,76.86079
2020-09-23 17:00:00,21.705933,17.977875,897.8253,8.662297,223.8842,79.36642
2020-09-23 18:00:00,21.567352,17.972076,897.678,8.897503,223.85167,80.01264
2020-09-23 19:00:00,21.428345,17.952545,897.43726,9.112034,224.60588,80.5973
2020-09-23 20:00:00,20.897797,17.85138,897.1364,9.275149,225.60065,82.73634
2020-09-23 21:00:00,20.791199,17.769073,896.9889,9.314378,226.71538,82.85024
2020-09-23 22:00:00,20.476044,17.680115,896.87805,9.248935,232.73062,84.00267
2020-09-23 23:00:00,20.416412,17.684204,897.0786,8.987123,232.61163,84.33404
2020-09-24 00:00:00,20.627655,17.78241,897.43134,8.7511425,232.27606,83.759155
2020-09-24 01:00:00,20.684113,17.773163,898.10297,8.714324,231.16823,83.41973
2020-09-24 02:00:00,21.625397,17.94458,898.81805,8.969949,231.1836,79.591354
2020-09-24 03:00:00,21.959686,17.871033,899.3948,9.64285,233.0062,77.62287
2020-09-24 04:00:00,22.32138,17.878998,899.6108,9.99848,234.5086,75.96938
2020-09-24 05:00:00,23.694702,17.969055,899.4743,10.273892,235.69025,70.307846
2020-09-24 06:00:00,24.292206,17.961243,899.0225,10.576023,237.25385,67.7957
2020-09-24 07:00:00,24.473206,17.97699,898.4161,10.88682,238.93596,67.13108
2020-09-24 08:00:00,24.965637,17.746826,897.72736,10.94369,240.82712,64.24743
2020-09-24 09:00:00,25.012238,17.648773,897.1307,10.813955,241.85884,63.674545
2020-09-24 10:00:00,24.363922,17.637115,896.6636,10.287532,248.28662,66.14136
2020-09-24 11:00:00,24.253723,17.583008,896.6836,9.436915,247.10255,66.352875
2020-09-24 12:00:00,24.063232,17.463867,896.94653,8.28,242.08896,66.61297
2020-09-24 13:00:00,23.888153,17.646606,897.3564,7.620475,236.14078,68.09781
2020-09-24 14:00:00,23.0766,17.904572,897.916,7.4265094,230.97629,72.68451
2020-09-24 15:00:00,22.259644,17.730804,898.51196,7.485404,227.027,75.54716
2020-09-24 16:00:00,22.093964,17.7193,898.8787,7.762517,224.26868,76.25799
2020-09-24 17:00:00,21.54184,17.666138,898.8772,8.177096,222.96172,78.60905
2020-09-24 18:00:00,21.402557,17.649658,898.5528,8.625811,223.46983,79.19995
2020-09-24 19:00:00,21.248505,17.652466,898.1397,9.006372,224.4687,79.96545
2020-09-24 20:00:00,20.796478,17.5354,897.6967,9.301157,225.6626,81.61243
2020-09-24 21:00:00,20.654083,17.539948,897.3423,9.5157795,226.52243,82.3547
2020-09-24 22:00:00,20.3302,17.485382,897.0835,9.13797,231.51062,83.72767
2020-09-24 23:00:00,20.265472,17.478546,897.1577,9.443656,230.37193,84.02684
2020-09-25 00:00:00,20.381683,17.521118,897.4165,9.70726,229.50674,83.65038
2020-09-25 01:00:00,20.421112,17.525452,897.8643,9.93652,228.50229,83.46987
2020-09-25 02:00:00,21.437195,17.82013,898.35034,10.355338,228.43674,79.88531
2020-09-25 03:00:00,21.731659,17.750977,898.75165,10.955447,229.97096,78.11837
2020-09-25 04:00:00,22.0896,17.676117,898.87646,11.44984,230.9891,76.07099
2020-09-25 05:00:00,23.559723,17.640991,898.6668,11.967235,232.3665,69.43289
2020-09-25 06:00:00,24.219238,17.613708,898.12427,12.497991,234.74365,66.619064
2020-09-25 07:00:00,24.420746,17.595978,897.4546,12.993366,237.30261,65.74591
2020-09-25 08:00:00,24.902435,17.32956,896.7257,13.246368,239.64354,62.81465
2020-09-25 09:00:00,24.915009,17.315308,896.2139,13.2921,241.18875,62.71106
2020-09-25 10:00:00,24.283112,17.168915,895.8908,11.835664,243.91052,64.52606
2020-09-25 11:00:00,24.170197,17.104584,895.9526,11.293093,243.2231,64.70055
2020-09-25 12:00:00,23.998169,17.03305,896.20685,10.374822,240.51724,65.07678
2020-09-25 13:00:00,23.763977,17.217102,896.6804,9.842491,237.80014,66.77282
2020-09-25 14:00:00,22.958862,17.3927,897.2631,9.593659,235.25836,70.88001
2020-09-25 15:00:00,22.21991,17.271057,897.7639,9.550127,233.41122,73.5646
2020-09-25 16:00:00,22.041687,17.282867,897.99585,9.625727,231.51733,74.42318
2020-09-25 17:00:00,21.388397,17.25711,897.9104,9.803736,230.58315,77.32851
2020-09-25 18:00:00,21.243103,17.276276,897.56006,10.0330515,230.3536,78.11483
2020-09-25 19:00:00,21.076935,17.252777,897.12164,10.270155,231.00217,78.79835
2020-09-25 20:00:00,20.638885,17.230743,896.5937,10.355136,231.65993,80.83764
2020-09-25 21:00:00,20.511627,17.213348,896.2386,10.394104,232.17917,81.38465
2020-09-25 22:00:00,20.065918,16.938873,895.96826,9.5205765,236.98584,82.21545
2020-09-25 23:00:00,20.014587,16.944122,896.0442,9.601256,234.55653,82.5045
2020-09-26 00:00:00,20.210266,17.020874,896.28674,9.689779,232.4602,81.9092
2020-09-26 01:00:00,20.264038,17.04834,896.8071,9.807989,230.27371,81.77958
2020-09-26 02:00:00,21.245178,17.310425,897.3678,10.207995,228.91241,78.273674
2020-09-26 03:00:00,21.505676,17.115448,897.8502,11.047015,229.90924,76.09023
2020-09-26 04:00:00,21.726929,17.002472,898.0413,11.657239,231.31883,74.53251
2020-09-26 05:00:00,23.259796,17.119537,897.9598,12.170289,232.96432,68.4101
2020-09-26 06:00:00,23.838226,17.077148,897.61444,12.653227,234.7506,65.88915
2020-09-26 07:00:00,23.980865,17.08023,897.0014,13.062711,236.61087,65.33937
2020-09-26 08:00:00,24.530487,16.958588,896.2965,13.229424,238.63524,62.73615
2020-09-26 09:00:00,24.5943,16.807587,895.72516,13.147319,240.272,61.90162
2020-09-26 10:00:00,23.784576,16.864227,895.2963,12.351998,244.52948,65.21634
2020-09-26 11:00:00,23.644745,16.811188,895.43414,11.490877,244.47694,65.54674
2020-09-26 12:00:00,23.455353,16.818695,895.6719,10.435257,242.64029,66.330826
2020-09-26 13:00:00,23.283875,16.991089,896.1793,9.719465,240.51508,67.75735
2020-09-26 14:00:00,22.41391,17.189362,896.86,9.385701,238.26561,72.3269
2020-09-26 15:00:00,21.713531,17.03601,897.56024,9.27123,235.94922,74.752205
2020-09-26 16:00:00,21.578949,17.026886,897.96204,9.29187,233.97327,75.32631
2020-09-26 17:00:00,21.076538,16.993195,898.10315,9.497196,232.88281,77.51627
2020-09-26 18:00:00,20.926727,16.944122,897.9013,9.763757,232.99557,77.99022
2020-09-26 19:00:00,20.814117,17.00061,897.5975,10.00956,233.67169,78.81381
2020-09-26 20:00:00,20.353455,16.836182,897.2056,10.152446,235.13818,80.24298
2020-09-26 21:00:00,20.21643,16.892334,896.93463,10.177405,236.56564,81.21378
2020-09-26 22:00:00,19.7789,16.6167,896.805,9.65784,240.16638,81.99676
2020-09-26 23:00:00,19.719482,16.608093,896.98267,9.650947,240.06763,82.25451
2020-09-27 00:00:00,19.948456,16.68988,897.3511,9.540707,240.08371,81.51766
2020-09-27 01:00:00,20.004028,16.6586,897.9342,9.511751,239.8295,81.07639
2020-09-27 02:00:00,20.966675,16.793976,898.5559,9.955529,239.87848,77.06173
2020-09-27 03:00:00,21.492065,16.717743,899.06635,10.889072,242.30981,74.257835
2020-09-27 04:00:00,21.8656,16.707306,899.20013,11.379489,244.77426,72.53342
2020-09-27 05:00:00,23.378143,16.848938,899.04803,11.724294,246.56915,66.76851
2020-09-27 06:00:00,24.0206,16.749176,898.5496,12.040857,248.05827,63.82997
2020-09-27 07:00:00,24.2323,16.751892,897.8826,12.270598,249.46494,63.03502
2020-09-27 08:00:00,24.942352,16.654327,897.1323,12.324464,251.11462,60.041164
2020-09-27 09:00:00,25.053253,16.700989,896.55524,12.235863,252.85768,59.82247
2020-09-27 10:00:00,24.062012,16.811096,896.24084,11.471907,260.1492,63.922085
2020-09-27 11:00:00,23.966827,16.79654,896.2576,10.391068,260.96054,64.22924
2020-09-27 12:00:00,23.766937,16.706299,896.4627,9.055034,259.15668,64.63464
2020-09-27 13:00:00,23.575409,16.839935,896.92694,8.103865,257.35483,65.94125
2020-09-27 14:00:00,22.700287,17.068115,897.6002,7.449616,254.45036,70.53671
2020-09-27 15:00:00,21.881378,16.929718,898.3105,7.0781956,250.9872,73.49323
2020-09-27 16:00:00,21.73285,16.944489,898.7403,6.9250584,247.8469,74.23233
2020-09-27 17:00:00,21.040741,16.87793,898.8457,6.9840503,245.65599,77.121445
2020-09-27 18:00:00,20.85434,16.864838,898.6102,7.1711287,244.56659,77.9454
2020-09-27 19:00:00,20.723541,16.89151,898.2382,7.4097314,244.9845,78.70834
2020-09-27 20:00:00,20.189087,16.730865,897.8105,7.5876822,246.11292,80.5221
2020-09-27 21:00:00,19.983643,16.710632,897.48596,7.6947613,248.20229,81.447464
2020-09-27 22:00:00,19.500702,16.529541,897.3242,7.8518558,253.84296,82.96435
2020-09-27 23:00:00,19.370422,16.465454,897.4391,7.7845173,254.24265,83.29891
2020-09-28 00:00:00,19.722626,16.610016,897.7578,7.5979385,254.17458,82.24851
2020-09-28 01:00:00,19.776215,16.648712,898.3629,7.379658,253.82504,82.177345
2020-09-28 02:00:00,20.9682,16.792145,898.9949,7.426756,253.43227,77.04554
2020-09-28 03:00:00,21.472778,16.807037,899.5044,7.902058,254.66997,74.768074
2020-09-28 04:00:00,21.837982,16.735077,899.6722,8.355391,256.14838,72.78402
2020-09-28 05:00:00,23.410889,16.654999,899.5231,8.79261,256.262,65.82148
2020-09-28 06:00:00,24.25528,16.543701,899.05865,9.253476,255.62894,62.12129
2020-09-28 07:00:00,24.447266,16.50061,898.3601,9.756011,255.6754,61.242805
2020-09-28 08:00:00,25.181702,16.195923,897.5973,10.099904,256.10852,57.4893
2020-09-28 09:00:00,25.203583,16.158234,896.94385,10.259988,256.87234,57.27669
2020-09-28 10:00:00,24.456146,16.53656,896.53424,9.895352,259.67154,61.350353
2020-09-28 11:00:00,24.350922,16.497253,896.574,9.139424,259.14124,61.58408
2020-09-28 12:00:00,24.077087,16.414337,896.8778,8.1368,256.27185,62.27445
2020-09-28 13:00:00,23.82483,16.56427,897.401,7.507326,253.10745,63.831394
2020-09-28 14:00:00,22.83142,16.900421,898.0625,7.150672,249.2622,69.23859
2020-09-28 15:00:00,21.873932,16.755432,898.66974,7.0031137,245.52983,72.71837
2020-09-28 16:00:00,21.705841,16.703247,898.9668,7.0681534,242.05319,73.2258
2020-09-28 17:00:00,20.982117,16.612122,898.9896,7.3266883,239.97343,76.10483
2020-09-28 18:00:00,20.757904,16.555237,898.73615,7.6041174,239.3801,76.883125
2020-09-28 19:00:00,20.564575,16.545319,898.3251,7.861131,240.07304,77.75516
2020-09-28 20:00:00,19.952698,16.428528,897.8077,8.038944,241.58655,80.15357
2020-09-28 21:00:00,19.79309,16.360504,897.39136,8.130616,243.38904,80.60061
2020-09-28 22:00:00,19.434814,16.266113,897.1513,7.812655,248.98047,81.91985
2020-09-28 23:00:00,19.382233,16.25821,897.2304,7.812218,249.69263,82.1468
2020-09-29 00:00:00,19.655548,16.338165,897.53094,7.781797,249.94553,81.175804
2020-09-29 01:00:00,19.704193,16.358307,898.0759,7.7360234,249.92441,81.03494
2020-09-29 02:00:00,20.989777,16.636902,898.7042,7.802544,249.21326,76.188866
2020-09-29 03:00:00,21.525024,16.712433,899.2693,8.26872,248.58676,74.08321
2020-09-29 04:00:00,21.93814,16.72107,899.4853,8.808754,248.49553,72.2762
2020-09-29 05:00:00,23.70636,16.59903,899.3391,9.414575,249.15298,64.43023
2020-09-29 06:00:00,24.516876,16.545319,898.73975,10.083754,250.38257,61.161797
2020-09-29 07:00:00,24.704102,16.565948,897.93945,10.720349,251.95578,60.560246
2020-09-29 08:00:00,25.299438,16.116913,897.04156,11.168884,253.81976,56.801
2020-09-29 09:00:00,25.352356,16.09726,896.36914,11.331016,255.49042,56.551575
2020-09-29 10:00:00,24.24881,16.31961,895.73883,10.578107,258.1216,61.26561
2020-09-29 11:00:00,24.08725,16.293152,895.7429,9.813956,257.74503,61.75818
2020-09-29 12:00:00,23.808716,16.26825,895.9582,8.965094,254.8467,62.701042
2020-09-29 13:00:00,23.539703,16.58847,896.5211,8.460324,251.92819,65.03668
2020-09-29 14:00:00,22.53186,16.80188,897.23706,8.193219,248.72227,70.06914
2020-09-29 15:00:00,21.791199,16.659637,897.90656,8.042936,245.89188,72.643456
2020-09-29 16:00:00,21.649445,16.6539,898.16547,8.075139,243.76892,73.24877
2020-09-29 17:00:00,20.854187,16.592682,898.05585,8.213832,242.66711,76.61105
2020-09-29 18:00:00,20.598602,16.506622,897.6979,8.404757,242.56558,77.40161
2020-09-29 19:00:00,20.446594,16.493591,897.2707,8.597765,243.1815,78.065834
2020-09-29 20:00:00,19.79544,16.267517,896.8106,8.76716,244.55508,80.11307
2020-09-29 21:00:00,19.661469,16.234314,896.42975,8.822881,246.02332,80.61099
2020-09-29 22:00:00,19.18634,15.99884,896.2604,8.425632,247.39374,81.79048
2020-09-29 23:00:00,19.147705,16.011932,896.40576,8.485327,247.72676,82.056145
2020-09-30 00:00:00,19.437042,16.106018,896.73334,8.347784,247.47655,81.07686
2020-09-30 01:00:00,19.626892,16.238953,897.3103,8.160024,246.61064,80.80806
2020-09-30 02:00:00,20.796661,16.434937,897.96606,8.222491,245.97043,76.11542
2020-09-30 03:00:00,21.323608,16.479004,898.4858,8.650903,245.46442,73.89844
2020-09-30 04:00:00,21.769836,16.453644,898.6635,9.293639,245.73099,71.79211
2020-09-30 05:00:00,23.584625,16.472717,898.42914,9.93684,246.50766,64.38528
2020-09-30 06:00:00,24.38208,16.406006,897.8638,10.597696,248.10007,61.113434
2020-09-30 07:00:00,24.563782,16.361298,897.1247,11.152663,250.09229,60.28058
2020-09-30 08:00:00,25.26593,15.999268,896.3367,11.510454,252.52533,56.488712
2020-09-30 09:00:00,25.316132,15.967194,895.6253,11.707848,254.4243,56.20505
2020-09-30 10:00:00,24.148468,16.150055,895.0735,11.163873,255.69626,60.973103
2020-09-30 11:00:00,24.03421,16.147736,895.11615,10.54973,255.00308,61.383663
2020-09-30 12:00:00,23.823822,16.120941,895.4558,9.757816,252.51761,62.05863
2020-09-30 13:00:00,23.496735,16.310669,896.03906,9.330174,250.3615,64.063156
2020-09-30 14:00:00,22.508453,16.586426,896.7374,9.05007,248.51614,69.21543
2020-09-30 15:00:00,21.708069,16.386566,897.35944,8.907072,246.74945,71.75662
2020-09-30 16:00:00,21.480194,16.274353,897.72156,8.96712,245.103,72.245766
2020-09-30 17:00:00,20.816284,16.178986,897.72876,9.228,244.45625,74.79436
2020-09-30 18:00:00,20.60846,16.14505,897.46423,9.50615,245.0701,75.59394
2020-09-30 19:00:00,20.470917,16.15805,897.0511,9.755286,246.4415,76.300964
2020-09-30 20:00:00,19.928406,16.003204,896.5875,9.904986,248.69775,78.12755
2020-09-30 21:00:00,19.76416,15.989166,896.2643,9.995477,251.29091,78.85629
2020-09-30 22:00:00,19.361053,15.86615,896.16327,9.658205,255.39233,80.22296
2020-09-30 23:00:00,19.317444,15.905029,896.2275,9.573141,256.63635,80.64099
